subfamily	n_in	tips	root_state	root_p	n_switches	to_W	from_W	anchor_rate	rate_percentile	frac_sites_slower_or_equal
DDX46/PRP5	400	W340F60	F	0.95	22	2	20	0.43	48.8	0.491
DDX23/PRP28	400	W393F7	W	0.997	5	0	5	0.167	21.4	0.216
DDX24/MAK5	379	W378Y1	W	1.0	0	0	0	0.094	0.0	0.156
DDX55/SPB4	259	W185F74	W	0.897	19	1	17	0.442	39.2	0.394
DDX47/RRP3	400	F361W39	F	0.994	7	5	1	0.052	0.0	0.245
DDX54/DBP10	400	F368W31Y1	F	0.995	6	5	0	0.101	0.0	0.156
DDX56/DBP9	351	F328W23	F	1.0	17	14	0	0.143	0.0	0.155
DDX6/DHH1	400	F365W34Y1	F	1.0	14	13	0	0.071	39.2	0.395
DDX19/DBP5	400	F371W29	F	1.0	6	5	1	0.101	0.0	0.144
DDX27/DRS1	400	F376W24	F	0.999	7	6	1	0.093	0.0	0.174
eIF4A	400	F393W7	F	1.0	2	2	0	0.08	0.0	0.208
DDX3/DED1	400	F394Y4W2	F	1.0	6	2	0	0.068	0.0	0.235
