subfamily	supergroup	n	pct_W	pct_F
DDX1	Amorphea	560	0	98
DDX1	Archaeplastida	26	0	100
DDX1	Cryptophyceae	1	0	100
DDX1	Haptista	2	0	100
DDX1	SAR	21	0	100
DDX10/DBP4	Amorphea	1293	0	100
DDX10/DBP4	Archaeplastida	196	0	100
DDX10/DBP4	Cryptophyceae	1	0	100
DDX10/DBP4	Discoba	5	0	100
DDX10/DBP4	Haptista	4	0	100
DDX10/DBP4	Metamonada	8	12	88
DDX10/DBP4	SAR	40	0	100
DDX18/HAS1	Amorphea	787	0	99
DDX18/HAS1	Archaeplastida	252	0	100
DDX18/HAS1	Cryptophyceae	1	0	100
DDX18/HAS1	Discoba	6	0	17
DDX18/HAS1	Haptista	2	0	100
DDX18/HAS1	Metamonada	5	0	100
DDX18/HAS1	SAR	62	2	98
DDX19/DBP5	Amorphea	1533	2	98
DDX19/DBP5	Archaeplastida	244	0	100
DDX19/DBP5	Discoba	1	0	100
DDX19/DBP5	Haptista	3	0	100
DDX19/DBP5	Metamonada	5	0	100
DDX19/DBP5	SAR	54	31	69
DDX20	Amorphea	642	0	100
DDX20	Archaeplastida	15	0	93
DDX20	Cryptophyceae	1	0	100
DDX20	Haptista	2	0	100
DDX20	SAR	14	0	93
DDX21/DDX50	Amorphea	15	13	80
DDX21/DDX50	Archaeplastida	226	13	19
DDX21/DDX50	Discoba	6	0	100
DDX21/DDX50	Haptista	3	0	100
DDX21/DDX50	SAR	17	29	71
DDX23/PRP28	Amorphea	1456	100	0
DDX23/PRP28	Archaeplastida	236	100	0
DDX23/PRP28	Cryptophyceae	1	100	0
DDX23/PRP28	Discoba	1	0	100
DDX23/PRP28	Haptista	3	100	0
DDX23/PRP28	Metamonada	2	100	0
DDX23/PRP28	SAR	51	94	6
DDX24/MAK5	Amorphea	1443	100	0
DDX24/MAK5	Archaeplastida	221	100	0
DDX24/MAK5	Cryptophyceae	1	100	0
DDX24/MAK5	Haptista	3	100	0
DDX24/MAK5	Metamonada	3	100	0
DDX24/MAK5	SAR	26	81	0
DDX27/DRS1	Amorphea	1459	0	99
DDX27/DRS1	Archaeplastida	234	1	98
DDX27/DRS1	Cryptophyceae	1	0	100
DDX27/DRS1	Discoba	6	100	0
DDX27/DRS1	Haptista	4	0	100
DDX27/DRS1	Metamonada	7	29	71
DDX27/DRS1	SAR	62	23	77
DDX3/DED1	Amorphea	1454	0	100
DDX3/DED1	Archaeplastida	255	0	100
DDX3/DED1	Cryptophyceae	1	0	100
DDX3/DED1	Discoba	1	0	100
DDX3/DED1	Haptista	4	25	75
DDX3/DED1	Metamonada	6	0	83
DDX3/DED1	SAR	44	0	100
DDX31/DBP7	Amorphea	693	0	100
DDX31/DBP7	Archaeplastida	212	3	97
DDX31/DBP7	Haptista	1	0	100
DDX31/DBP7	Metamonada	1	0	100
DDX31/DBP7	SAR	12	8	75
DDX4/VASA	Amorphea	915	0	99
DDX4/VASA	Archaeplastida	178	0	100
DDX4/VASA	Cryptophyceae	1	0	100
DDX4/VASA	Discoba	1	0	100
DDX4/VASA	Metamonada	1	0	100
DDX4/VASA	SAR	5	0	80
DDX41	Amorphea	1025	0	100
DDX41	Archaeplastida	236	0	99
DDX41	Cryptophyceae	1	0	100
DDX41	Discoba	2	0	100
DDX41	Haptista	4	0	100
DDX41	Metamonada	3	0	100
DDX41	SAR	57	0	100
DDX42	Amorphea	932	0	100
DDX42	Archaeplastida	223	0	99
DDX42	Haptista	2	0	100
DDX42	Metamonada	1	0	100
DDX42	SAR	30	3	93
DDX46/PRP5	Amorphea	1270	97	3
DDX46/PRP5	Archaeplastida	240	98	1
DDX46/PRP5	Cryptophyceae	1	100	0
DDX46/PRP5	Discoba	2	100	0
DDX46/PRP5	Haptista	3	100	0
DDX46/PRP5	Metamonada	6	67	33
DDX46/PRP5	SAR	51	47	53
DDX47/RRP3	Amorphea	1410	6	94
DDX47/RRP3	Archaeplastida	226	0	99
DDX47/RRP3	Cryptophyceae	1	0	100
DDX47/RRP3	Haptista	4	0	100
DDX47/RRP3	Metamonada	8	12	88
DDX47/RRP3	SAR	64	5	94
DDX48/FAL1	Amorphea	558	0	100
DDX48/FAL1	Archaeplastida	63	0	100
DDX48/FAL1	Cryptophyceae	1	0	100
DDX49/DBP8	Amorphea	1244	0	97
DDX49/DBP8	Archaeplastida	218	0	99
DDX49/DBP8	Cryptophyceae	1	0	100
DDX49/DBP8	Haptista	3	33	33
DDX49/DBP8	Metamonada	5	20	80
DDX49/DBP8	SAR	35	9	91
DDX5/DBP2	Amorphea	1557	0	99
DDX5/DBP2	Archaeplastida	256	0	100
DDX5/DBP2	Cryptophyceae	1	0	100
DDX5/DBP2	Discoba	3	0	100
DDX5/DBP2	Haptista	4	0	50
DDX5/DBP2	Metamonada	7	29	71
DDX5/DBP2	SAR	69	7	91
DDX51/DBP6	Amorphea	16	0	94
DDX52/ROK1	Amorphea	907	0	99
DDX52/ROK1	Archaeplastida	187	0	100
DDX52/ROK1	Metamonada	3	33	67
DDX52/ROK1	SAR	17	6	65
DDX54/DBP10	Amorphea	1474	3	95
DDX54/DBP10	Archaeplastida	236	0	98
DDX54/DBP10	Cryptophyceae	1	0	100
DDX54/DBP10	Discoba	9	0	100
DDX54/DBP10	Haptista	4	0	75
DDX54/DBP10	Metamonada	3	0	100
DDX54/DBP10	SAR	60	2	98
DDX55/SPB4	Amorphea	694	96	4
DDX55/SPB4	Archaeplastida	109	1	98
DDX55/SPB4	Haptista	1	0	100
DDX55/SPB4	Metamonada	1	0	100
DDX55/SPB4	SAR	16	50	50
DDX56/DBP9	Amorphea	1112	2	97
DDX56/DBP9	Archaeplastida	234	2	98
DDX56/DBP9	Discoba	9	100	0
DDX56/DBP9	Haptista	3	0	100
DDX56/DBP9	Metamonada	4	25	75
DDX56/DBP9	SAR	11	0	100
DDX59	Amorphea	657	0	100
DDX59	Archaeplastida	189	0	99
DDX59	SAR	8	0	88
DDX6/DHH1	Amorphea	1577	3	97
DDX6/DHH1	Archaeplastida	245	0	100
DDX6/DHH1	Cryptophyceae	1	0	100
DDX6/DHH1	Discoba	9	0	100
DDX6/DHH1	Haptista	4	0	100
DDX6/DHH1	Metamonada	8	0	88
DDX6/DHH1	SAR	64	3	97
DECD	Amorphea	1228	0	100
DECD	Archaeplastida	210	0	100
DECD	Cryptophyceae	1	0	100
DECD	Discoba	9	0	100
DECD	Haptista	3	0	100
DECD	Metamonada	10	0	100
DECD	SAR	65	0	100
eIF4A	Amorphea	1569	0	98
eIF4A	Archaeplastida	253	0	100
eIF4A	Cryptophyceae	1	0	100
eIF4A	Discoba	11	0	100
eIF4A	Haptista	4	0	100
eIF4A	Metamonada	8	0	100
eIF4A	SAR	67	0	100
