site	chain	resname	auth_num	label_seq	centroid_dist	plane_angle	lateral_offset	stacked	domain
10AP:A:ATP1002	A	HIS	546	47	3.42	14.3	0.37	True	RecA1
1GL9:B:ANP2055	B	PHE	50	50	5.92	60.7	4.0	False	RecA1
1GL9:C:ANP2055	C	PHE	50	50	5.88	63.8	4.01	False	RecA1
1GM5:A:ADP1756	A	PHE	367	367	3.51	8.5	1.18	True	RecA1
1OYY:A:AGS527	A	TYR	23	23	3.67	17.1	2.03	True	RecA1
1XTJ:A:ADP550	A	PHE	65	28	3.55	6.8	0.14	True	RecA1
21VV:I:ADP1803	I	TRP	825	835	5.84	44.5	4.62	False	unassigned
21WA:I:ADP1802	I	TRP	825	835	5.27	81.8	1.72	False	unassigned
21WC:I:ADP1802	I	TRP	825	835	5.41	67.2	1.41	False	unassigned
23IL:K:ADP3000	K	TRP	657	716	5.08	40.9	3.37	False	unassigned
28ZI:A:ADP1301	A	PHE	825	279	4.24	8.7	2.3	True	RecA2
28ZI:B:ADP1301	B	PHE	825	279	4.13	7.9	1.82	True	RecA2
28ZI:C:ADP1301	C	PHE	825	279	4.19	8.4	2.1	True	RecA2
28ZI:D:ADP1301	D	PHE	825	279	4.21	7.3	1.94	True	RecA2
28ZJ:A:ADP1301	A	PHE	825	279	4.04	5.4	1.98	True	RecA2
28ZJ:B:ADP1301	B	PHE	825	279	4.24	8.5	2.51	True	RecA2
28ZJ:C:ADP1301	C	PHE	825	279	4.09	7.3	1.91	True	RecA2
28ZJ:D:ADP1301	D	PHE	825	279	4.13	5.7	1.93	True	RecA2
28ZK:A:ADP1301	A	PHE	825	279	4.22	4.8	2.26	True	RecA2
28ZK:B:ADP1301	B	PHE	825	279	4.23	4.7	2.19	True	RecA2
28ZK:C:ADP1301	C	PHE	825	279	4.21	3.3	2.06	True	RecA2
28ZK:D:ADP1301	D	PHE	825	279	4.12	5.1	1.69	True	RecA2
28ZL:A:ADP1301	A	PHE	825	279	4.32	2.9	2.5	True	RecA2
28ZL:B:ADP1301	B	PHE	825	279	4.39	6.2	2.8	True	RecA2
28ZL:C:ADP1301	C	PHE	825	279	4.21	5.2	2.19	True	RecA2
28ZL:D:ADP1301	D	PHE	825	279	4.19	1.5	2.04	True	RecA2
28ZM:A:ADP1301	A	PHE	825	279	4.13	8.3	2.21	True	RecA2
28ZM:B:ADP1301	B	PHE	825	279	4.17	7.7	2.25	True	RecA2
28ZM:C:ADP1301	C	PHE	825	279	4.0	6.0	1.75	True	RecA2
28ZM:D:ADP1301	D	PHE	825	279	4.09	3.6	1.72	True	RecA2
28ZO:A:ADP1301	A	PHE	825	279	4.53	11.5	2.82	True	RecA2
28ZO:B:ADP1301	B	PHE	825	279	4.68	16.2	3.24	True	RecA2
28ZO:C:ADP1301	C	PHE	825	279	4.42	13.6	2.4	True	RecA2
28ZO:D:ADP1301	D	PHE	825	279	4.49	8.4	2.24	True	unassigned
28ZP:A:ADP1301	A	PHE	825	279	4.33	5.9	2.27	True	RecA2
28ZP:B:ADP2102	B	PHE	825	279	4.23	6.7	2.54	True	RecA2
28ZP:C:ADP1301	C	PHE	825	279	4.04	4.3	1.83	True	RecA2
28ZP:D:ADP1301	D	PHE	825	279	4.19	4.1	2.03	True	RecA2
28ZQ:A:ADP1301	A	PHE	825	279	4.17	5.6	2.19	True	RecA2
28ZQ:B:ADP1301	B	PHE	825	279	4.44	7.2	2.91	True	RecA2
28ZQ:C:ADP1301	C	PHE	825	279	4.12	6.9	2.28	True	RecA2
28ZQ:D:ADP1301	D	PHE	825	279	4.14	9.0	2.39	True	RecA2
28ZR:A:ADP1301	A	PHE	825	279	4.23	5.0	2.31	True	RecA2
28ZR:B:ADP1301	B	PHE	825	279	4.35	5.1	2.8	True	RecA2
28ZR:C:ADP1301	C	PHE	825	279	4.16	5.0	2.21	True	RecA2
28ZR:D:ADP2602	D	PHE	825	279	4.11	3.6	1.99	True	RecA2
28ZS:A:ADP1201	A	PHE	825	518	4.31	8.2	2.35	True	RecA2
28ZT:A:ADP1301	A	PHE	699	551	3.94	8.4	1.58	True	RecA2
28ZT:B:ADP1301	B	PHE	699	551	4.02	6.4	1.91	True	RecA2
28ZT:C:ADP1301	C	PHE	699	551	4.22	17.0	1.87	True	RecA2
28ZT:D:ADP1301	D	PHE	699	551	4.25	10.6	2.28	True	RecA2
2D7D:A:ADP662	A	PHE	47	47	5.7	88.8	4.48	False	RecA2
2D7D:A:ADP662	A	TYR	11	11	3.69	2.0	1.0	True	RecA1
2DB3:A:ANP2901	A	TYR	265	76	3.49	3.7	0.48	True	RecA1
2DB3:A:ANP2901	A	PHE	225	36	6.01	35.7	4.43	False	RecA1
2DB3:B:ANP2902	B	TYR	265	76	3.63	4.5	0.62	True	RecA1
2DB3:B:ANP2902	B	PHE	225	36	6.07	31.9	4.42	False	RecA1
2DB3:C:ANP2903	C	PHE	225	36	6.0	38.9	4.3	False	RecA1
2DB3:C:ANP2903	C	TYR	265	76	3.62	3.2	0.24	True	RecA1
2DB3:D:ANP2904	D	TYR	265	76	3.61	5.9	0.84	True	RecA1
2DB3:D:ANP2904	D	PHE	225	36	6.31	33.2	4.75	False	RecA1
2HYI:C:ANP801	C	TYR	371	371	3.55	5.7	1.03	True	RecA2
2HYI:C:ANP801	C	PHE	58	58	3.62	10.5	1.02	True	RecA1
2HYI:I:ANP802	I	PHE	58	58	3.57	10.1	0.94	True	RecA1
2HYI:I:ANP802	I	TYR	371	371	3.57	9.2	0.82	True	RecA2
2I4I:A:AMP600	A	TYR	200	35	3.59	4.9	0.6	True	RecA1
2J0Q:A:ANP1413	A	PHE	58	57	3.56	10.7	1.19	True	RecA1
2J0Q:A:ANP1413	A	TYR	371	370	3.59	10.0	1.57	True	RecA2
2J0Q:B:ANP1413	B	TYR	371	370	3.59	9.2	1.37	True	RecA2
2J0Q:B:ANP1413	B	PHE	58	57	3.58	11.8	0.89	True	RecA1
2J0S:A:ANP1413	A	PHE	58	57	3.6	8.3	0.84	True	RecA1
2J0S:A:ANP1413	A	TYR	371	370	3.66	10.0	1.08	True	RecA2
2NMV:A:ADP662	A	TYR	11	11	3.51	6.9	0.63	True	RecA1
2NMV:A:ADP662	A	PHE	47	47	5.69	86.0	4.66	False	RecA2
2OXC:A:ADP300	A	PHE	82	44	4.41	55.8	0.5	False	RecA1
2OXC:B:ADP300	B	PHE	82	44	4.74	80.4	1.04	False	RecA1
2PL3:A:ADP300	A	TYR	89	45	4.71	70.2	0.73	False	RecA1
2VSO:A:AMP1394	A	PHE	42	42	3.97	14.9	1.84	True	RecA1
2VSO:B:AMP1394	B	PHE	42	42	4.22	11.3	2.28	True	RecA1
2VSX:A:AMP1178	A	PHE	42	42	4.05	29.8	1.65	True	RecA1
2VSX:B:AMP1178	B	PHE	42	42	4.15	31.2	1.89	False	RecA1
2XAU:A:ADP1750	A	PHE	357	357	5.03	21.7	3.79	False	RecA2
2XAU:B:ADP1748	B	PHE	357	357	5.29	26.2	4.24	False	RecA2
2XB2:A:ANP1413	A	TYR	371	371	3.77	10.8	0.84	True	RecA2
2XB2:A:ANP1413	A	PHE	58	58	3.51	8.0	1.0	True	RecA1
2XB2:X:ANP1413	X	PHE	58	58	3.53	8.2	0.95	True	RecA1
2XB2:X:ANP1413	X	TYR	371	371	3.74	10.8	0.83	True	RecA2
2XGJ:A:ADP2074	A	PHE	148	85	3.54	14.3	0.33	True	RecA1
2XGJ:B:ADP2074	B	PHE	148	85	3.7	20.3	1.07	True	RecA1
2ZJ5:A:ADP801	A	TYR	25	25	4.28	21.5	2.0	True	RecA1
2ZJA:A:ACP901	A	TYR	25	25	4.73	26.3	1.51	True	RecA1
3B7G:A:ANP300	A	PHE	82	44	4.33	50.6	0.46	False	RecA1
3B7G:B:ANP300	B	PHE	82	44	4.34	50.5	0.41	False	RecA1
3BER:A:AMP300	A	TRP	44	63	3.78	6.0	1.39	True	RecA1
3DKP:A:ADP402	A	PHE	185	49	3.97	33.2	0.34	False	RecA1
3EWS:A:ADP602	A	PHE	112	82	3.6	11.2	0.27	True	RecA1
3EWS:B:ADP602	B	PHE	112	82	3.61	10.2	0.49	True	RecA1
3EX7:C:ADP414	C	TYR	371	371	3.56	9.7	0.71	True	RecA2
3EX7:C:ADP414	C	PHE	58	58	3.68	9.2	0.73	True	RecA1
3EX7:H:ADP414	H	PHE	58	58	3.59	10.9	0.4	True	RecA1
3EX7:H:ADP414	H	TYR	371	371	3.7	6.3	0.71	True	RecA2
3FE2:A:ADP308	A	PHE	114	49	3.52	11.6	0.46	True	RecA1
3FE2:B:ADP308	B	PHE	114	49	3.69	15.6	0.71	True	RecA1
3FHT:A:ANP480	A	PHE	433	366	3.66	13.3	0.88	True	RecA2
3FHT:A:ANP480	A	PHE	112	45	3.54	11.9	0.52	True	RecA1
3FHT:B:ANP2	B	PHE	112	45	3.58	10.6	0.45	True	RecA1
3FHT:B:ANP2	B	PHE	433	366	3.61	10.8	0.73	True	RecA2
3FMO:B:ADP301	B	PHE	112	112	3.57	13.0	0.32	True	RecA1
3FMP:B:ADP480	B	PHE	112	112	3.64	19.4	0.79	True	RecA1
3FMP:D:ADP480	D	PHE	112	112	3.68	20.8	0.78	True	RecA1
3G0H:A:ANP1	A	PHE	433	382	3.52	13.4	0.3	True	RecA2
3G0H:A:ANP1	A	PHE	112	61	3.65	4.9	0.62	True	RecA1
3I5X:A:ANP1000	A	PHE	126	92	3.56	9.0	0.54	True	RecA1
3I5X:A:ANP1000	A	PHE	160	126	6.77	52.8	6.01	False	RecA2
3I5Y:A:ANP1000	A	PHE	126	92	3.68	8.0	0.27	True	RecA1
3I5Y:A:ANP1000	A	PHE	160	126	6.79	49.1	6.07	False	RecA2
3I61:A:ADP1000	A	PHE	126	92	3.5	8.3	0.55	True	RecA1
3I61:A:ADP1000	A	PHE	160	126	6.74	52.0	6.05	False	RecA2
3I62:A:ADP1000	A	PHE	126	92	3.53	8.6	0.51	True	RecA1
3I62:A:ADP1000	A	PHE	160	126	6.76	51.6	6.1	False	RecA2
3KX2:B:ADP1000	B	PHE	357	357	4.99	17.2	3.82	True	RecA2
3KX2:A:ADP1000	A	PHE	357	357	5.0	18.6	3.82	True	RecA2
3MWY:W:AGS2000	W	TRP	447	308	5.78	75.9	3.36	False	RecA2
3P4X:A:ADP800	A	PHE	71	13	6.68	30.6	5.94	False	RecA1
3P4X:A:ADP800	A	PHE	75	17	4.44	43.4	1.13	False	RecA1
3PEW:A:ADP1000	A	PHE	430	343	3.55	12.8	0.8	True	RecA2
3PEW:A:ADP1000	A	PHE	112	25	3.7	11.9	0.44	True	RecA1
3PEY:A:ADP1000	A	PHE	430	343	3.57	12.2	0.8	True	RecA2
3PEY:A:ADP1000	A	PHE	112	25	3.63	7.2	0.45	True	RecA1
3RC3:A:ANP801	A	PHE	474	429	4.7	63.2	0.66	False	RecA2
3RC3:A:ANP801	A	TYR	215	170	3.55	8.6	1.12	True	RecA2
3RRM:A:ADP1	A	PHE	430	343	3.71	10.2	1.32	True	RecA2
3RRM:A:ADP1	A	PHE	112	25	3.4	8.6	0.09	True	RecA1
3RRN:A:ADP1	A	PHE	430	343	4.21	28.3	1.22	True	RecA2
3RRN:A:ADP1	A	PHE	112	25	3.61	21.5	0.5	True	RecA1
3SQW:A:ANP800	A	PHE	126	41	3.51	11.7	0.44	True	RecA1
3SQW:A:ANP800	A	PHE	160	75	6.79	50.1	5.98	False	RecA2
3SQX:A:ANP800	A	PHE	126	41	3.59	12.3	0.54	True	RecA1
3SQX:A:ANP800	A	PHE	160	75	6.77	53.7	5.78	False	RecA2
3TBK:A:ANP1	A	PHE	273	34	4.95	50.0	3.43	False	RecA2
3V4R:A:ADP701	A	PHE	47	53	5.24	70.5	3.35	False	unassigned
3V4R:A:ADP701	A	TYR	11	17	4.1	6.5	2.25	True	RecA1
3ZD7:A:ADP1924	A	PHE	272	43	4.61	76.7	1.23	False	RecA2
3ZD7:A:ADP1924	A	PHE	241	12	6.2	66.2	3.43	False	RecA1
4A4Z:A:ANP2288	A	PHE	328	38	3.47	15.5	0.79	True	RecA1
4AY2:A:ADP1924	A	PHE	241	3	6.09	41.1	4.06	False	RecA1
4AY2:A:ADP1924	A	PHE	272	34	6.54	65.9	5.08	False	RecA2
4BGD:A:ADP3164	A	PHE	1345	904	4.09	17.9	1.97	True	RecA1
4D25:A:ANP1564	A	PHE	160	30	5.82	41.5	3.94	False	RecA1
4D25:A:ANP1564	A	TYR	200	70	3.44	7.1	0.33	True	RecA1
4D26:A:ADP1564	A	PHE	160	30	5.85	41.7	3.94	False	RecA1
4D26:A:ADP1564	A	TYR	200	70	3.44	1.9	0.11	True	RecA1
4F93:B:ADP3001	B	PHE	478	77	4.79	86.0	1.56	False	RecA1
4F93:B:ATP3002	B	PHE	1325	924	4.3	13.4	2.59	True	RecA1
4KIT:B:ADP2201	B	PHE	478	88	5.67	44.5	3.64	False	RecA1
4KIT:B:ADP2202	B	PHE	1325	935	4.81	27.4	3.63	True	RecA1
4LJY:A:ADP701	A	PHE	276	71	3.46	9.1	0.63	True	RecA1
4PX9:A:ADP601	A	TYR	200	85	3.72	4.1	0.81	True	RecA1
4PX9:B:ADP501	B	TYR	200	85	3.81	8.9	0.92	True	RecA1
4PX9:C:ADP501	C	TYR	200	85	3.73	11.3	1.01	True	RecA1
4PXA:A:ADP601	A	TYR	200	85	3.54	4.5	0.18	True	RecA1
4Q47:A:ADP601	A	TYR	22	22	3.66	26.8	0.51	True	RecA1
4Q47:B:ADP601	B	TYR	22	22	3.52	10.6	0.9	True	RecA1
4TYN:A:ADP603	A	PHE	126	39	3.56	11.0	0.73	True	RecA1
4TYN:A:ADP603	A	PHE	160	73	6.88	50.8	6.05	False	RecA2
4TYW:A:ADP604	A	PHE	126	40	3.5	8.1	0.62	True	RecA1
4TYW:A:ADP604	A	PHE	160	74	6.81	54.1	5.91	False	RecA2
4W7S:B:ANP601	B	PHE	194	69	3.47	6.2	0.74	True	RecA1
5A9F:A:ADP1892	A	PHE	93	29	5.09	11.9	3.12	False	RecA1
5AGA:A:ANP1892	A	PHE	93	29	5.13	29.0	1.63	False	RecA1
5AOR:A:ADP2159	A	PHE	380	380	6.88	86.5	5.87	False	RecA1
5AOR:B:ADP2159	B	PHE	380	380	6.78	85.1	5.67	False	RecA1
5D0U:A:ADP801	A	PHE	360	302	4.59	15.3	3.17	True	RecA2
5DTU:A:ADP801	A	TYR	296	62	3.29	6.6	0.88	True	RecA1
5E3H:A:ADP1006	A	PHE	272	42	6.53	76.4	5.41	False	RecA2
5E3H:A:ADP1006	A	PHE	241	11	4.04	18.5	1.34	True	RecA1
5E7J:A:AMP801	A	TYR	200	68	3.73	15.4	0.75	True	RecA1
5E7M:A:ANP801	A	TYR	200	68	3.69	21.7	0.89	True	RecA1
5GJU:A:AMP301	A	TYR	26	21	3.65	2.1	0.18	True	RecA1
5GM6:Y:ADP902	Y	PHE	487	487	6.03	20.4	5.47	False	RecA2
5LB3:B:ADP502	B	PHE	26	18	3.59	5.4	1.04	True	RecA1
5LB3:E:ADP502	E	PHE	26	18	3.64	4.4	1.07	True	RecA1
5LB5:A:ADP504	A	PHE	26	18	3.9	3.0	1.12	True	RecA1
5LB5:B:ADP504	B	PHE	26	18	3.75	2.2	1.2	True	RecA1
5LB5:C:ADP503	C	PHE	26	18	3.87	11.9	1.05	True	RecA1
5LB5:D:ADP504	D	PHE	26	18	4.03	17.5	1.16	True	RecA1
5LBA:B:ADP503	B	PHE	26	18	3.53	8.4	1.07	True	RecA1
5LBA:A:ADP502	A	PHE	26	18	3.84	16.0	1.44	True	RecA1
5LBA:C:ADP503	C	PHE	26	18	3.73	16.7	1.15	True	RecA1
5LBA:D:ADP503	D	PHE	26	18	3.77	14.5	1.23	True	RecA1
5O9G:W:ADP1501	W	TRP	447	447	5.6	54.1	2.97	False	RecA2
5SUP:A:ADP1000	A	PHE	82	26	3.66	10.9	0.61	True	RecA1
5SUP:A:ADP1000	A	PHE	400	344	3.78	18.6	0.86	True	RecA2
5SUP:B:ADP2000	B	PHE	400	344	3.68	11.6	1.14	True	RecA2
5SUP:B:ADP2000	B	PHE	82	26	3.41	5.6	0.36	True	RecA1
5SUP:C:ADP3000	C	PHE	82	26	3.63	7.0	0.74	True	RecA1
5SUP:C:ADP3000	C	PHE	400	344	3.74	14.2	1.03	True	RecA2
5V9X:A:ANP901	A	PHE	24	45	3.85	30.2	0.6	False	RecA1
5V9X:A:ANP901	A	PHE	20	41	6.69	76.8	5.38	False	RecA1
5XDR:A:ADP801	A	PHE	401	296	4.4	22.9	2.7	True	RecA2
5XJC:D:ADP2201	D	PHE	478	478	5.67	44.5	3.64	False	RecA1
5XJC:D:ADP2202	D	PHE	1325	1325	4.81	27.4	3.63	True	RecA1
5Z3O:O:ADP1501	O	TRP	838	173	5.8	72.8	3.06	False	unassigned
5Z3U:O:ADP1502	O	TRP	838	173	6.23	57.9	1.11	False	RecA2
5Z3U:O:ADP1502	O	TYR	770	105	6.82	60.4	5.77	False	RecA1
5Z3V:O:ADP1501	O	TRP	838	173	6.31	66.8	2.29	False	RecA2
5ZC9:A:ANP500	A	PHE	366	354	3.69	9.2	1.2	True	RecA2
5ZC9:A:ANP500	A	PHE	52	40	3.59	14.0	0.87	True	RecA1
6ACX:A:ADP1305	A	PHE	639	659	5.94	75.9	4.57	False	RecA1
6ACX:A:ADP1305	A	PHE	641	661	3.63	5.9	1.56	True	RecA1
6ACX:B:ADP1302	B	PHE	641	661	3.65	7.6	1.51	True	RecA1
6ACX:B:ADP1302	B	PHE	639	659	5.92	71.9	4.57	False	RecA1
6B4I:E:ADP501	E	PHE	112	63	3.76	29.2	0.34	True	RecA1
6B4I:F:ADP501	F	PHE	112	63	3.63	22.2	0.88	True	RecA1
6B4J:E:ANP504	E	PHE	112	63	3.79	30.6	0.17	False	RecA1
6B4J:F:ANP504	F	PHE	112	63	3.67	21.1	0.89	True	RecA1
6B4K:A:ANP502	A	PHE	112	63	3.58	18.6	0.32	True	RecA1
6B4K:B:ANP502	B	PHE	112	63	3.55	16.8	0.39	True	RecA1
6C90:A:ADP1101	A	PHE	138	71	3.9	29.0	0.58	True	RecA1
6D6Q:M:ANP2001	M	PHE	138	141	3.95	22.6	1.58	True	RecA1
6D6R:M:ANP2001	M	PHE	138	141	4.09	22.7	1.86	True	unassigned
6FA5:A:ADP1001	A	PHE	558	275	4.13	2.8	2.5	True	RecA2
6FAC:A:ADP1001	A	PHE	558	292	4.0	6.2	1.96	True	RecA2
6FWS:A:ADP802	A	PHE	25	25	5.91	17.1	5.32	False	RecA1
6FWS:B:ADP802	B	PHE	25	25	5.89	35.8	5.28	False	RecA1
6G0L:M:ADP1501	M	TRP	447	447	5.6	54.1	2.97	False	RecA2
6G0L:W:ADP1502	W	TRP	447	447	6.31	80.4	3.35	False	unassigned
6HYS:A:ADP1301	A	PHE	825	278	4.26	17.5	2.52	True	RecA2
6HYS:B:ADP1301	B	PHE	825	278	4.11	8.0	2.34	True	RecA2
6HYS:C:ADP1301	C	PHE	825	278	4.33	10.2	2.4	True	RecA2
6HYS:D:ADP1301	D	PHE	825	278	4.09	8.2	1.65	True	RecA2
6HYT:A:ADP1301	A	PHE	825	278	3.94	8.4	1.78	True	RecA2
6HYT:B:ADP1301	B	PHE	825	278	4.17	8.6	2.24	True	RecA2
6HYT:C:ADP1301	C	PHE	825	278	4.02	5.8	1.74	True	RecA2
6HYT:D:ADP1301	D	PHE	825	278	4.03	10.1	1.73	True	RecA2
6IEG:B:ADP1101	B	PHE	138	98	5.45	78.5	5.45	False	RecA1
6IEG:A:ADP2101	A	PHE	138	98	4.19	15.4	0.91	True	RecA1
6IEH:B:ATP1102	B	PHE	138	75	3.54	24.9	1.11	True	RecA1
6IRO:L:ADP2000	L	TRP	267	199	5.5	63.5	1.27	False	RecA2
6IY2:O:ADP2000	O	TRP	838	169	6.65	58.3	1.6	False	RecA2
6IY3:O:ADP2000	O	TRP	838	169	5.72	69.1	2.73	False	RecA2
6JYL:K:ADP1201	K	TRP	267	199	6.05	59.7	1.83	False	RecA2
6K1P:K:ADP1203	K	TRP	267	199	5.72	63.3	1.2	False	RecA2
6L5M:A:AMP601	A	PHE	238	52	6.04	73.0	3.4	False	unassigned
6L5M:A:AMP601	A	PHE	210	24	3.86	7.7	1.3	True	RecA1
6L5M:B:AMP601	B	PHE	210	24	3.87	7.5	1.26	True	RecA1
6L5M:B:AMP601	B	PHE	238	52	6.02	74.1	3.35	False	unassigned
6L5M:C:AMP601	C	PHE	238	52	6.02	74.3	3.33	False	unassigned
6L5M:C:AMP601	C	PHE	210	24	3.86	7.9	1.27	True	RecA1
6L5M:D:AMP601	D	PHE	210	24	3.87	7.2	1.27	True	RecA1
6L5M:D:AMP601	D	PHE	238	52	5.99	72.6	3.31	False	unassigned
6L5M:E:AMP601	E	PHE	238	52	5.98	75.0	3.23	False	unassigned
6L5M:E:AMP601	E	PHE	210	24	3.85	7.0	1.23	True	RecA1
6L5N:A:ANP601	A	PHE	210	24	3.69	8.0	1.24	True	RecA1
6L5N:A:ANP601	A	PHE	238	52	5.97	80.8	3.45	False	RecA2
6L5N:B:ANP601	B	PHE	238	52	5.95	69.7	3.75	False	RecA2
6L5N:B:ANP601	B	PHE	210	24	3.65	10.0	1.23	True	RecA1
6L5N:B:ANP602	B	TRP	381	195	3.63	3.0	0.93	True	RecA1
6L5N:B:ANP602	B	HIS	380	194	6.91	86.7	5.41	False	RecA1
6L5O:A:ADP601	A	PHE	238	52	6.01	71.9	3.51	False	RecA2
6L5O:A:ADP601	A	PHE	210	24	3.86	9.4	1.68	True	RecA1
6NE3:W:ADP801	W	TRP	251	86	5.12	64.4	1.87	False	RecA2
6QDV:7:ATP702	7	PHE	58	37	3.61	10.5	1.02	True	RecA1
6QDV:7:ATP702	7	TYR	371	350	3.55	5.7	1.03	True	RecA2
6QV3:A:ADP2202	A	TRP	1376	908	4.25	31.2	1.38	False	RecA1
6QV3:A:ADP2203	A	PHE	1288	820	6.75	53.9	6.72	False	unassigned
6QV4:A:AGS2205	A	PHE	1288	820	6.76	53.7	6.73	False	unassigned
6QV4:A:AGS2206	A	TRP	1376	908	4.0	3.1	1.41	True	RecA1
6RM8:A:ADP1001	A	PHE	558	297	4.27	11.9	2.54	True	RecA2
6RM9:A:ADP1001	A	PHE	558	297	4.14	14.6	2.01	True	RecA2
6RMA:A:ADP1002	A	PHE	558	297	4.05	11.9	1.79	True	RecA2
6RMB:A:ADP1001	A	PHE	558	275	4.2	11.5	1.81	True	RecA2
6RMC:A:ADP1001	A	PHE	558	292	4.06	8.9	2.22	True	RecA2
6RMC:B:ADP1001	B	PHE	558	292	4.66	11.1	3.36	True	RecA2
6RO1:A:ADP1106	A	PHE	138	69	3.71	18.0	0.83	True	RecA1
6RYR:W:ANP2001	W	HIS	727	730	5.82	35.1	4.39	False	RecA1
6RYR:W:ANP2001	W	TRP	797	800	5.88	87.6	2.56	False	RecA2
6RYU:W:ANP2201	W	HIS	727	730	4.81	17.2	3.08	True	RecA1
6RYU:W:ANP2201	W	TRP	797	800	5.24	63.5	2.74	False	RecA2
6RYU:V:ANP2201	V	TRP	797	800	5.24	63.4	2.74	False	RecA2
6RYU:V:ANP2201	V	HIS	727	730	4.81	17.2	3.08	True	RecA1
6SH6:A:ADP801	A	PHE	401	295	4.77	17.0	3.22	True	RecA2
6UP3:A:ANP1001	A	PHE	195	44	6.97	86.4	6.54	False	RecA1
6UP3:A:ANP1001	A	PHE	529	378	3.52	9.3	1.03	True	RecA2
6UP4:A:ADP1001	A	PHE	195	44	6.96	88.8	6.44	False	RecA1
6UP4:A:ADP1001	A	PHE	529	378	3.74	3.7	0.76	True	RecA2
6UV1:A:ADP501	A	PHE	112	83	3.63	6.8	0.81	True	RecA1
6UV1:B:ADP501	B	PHE	112	83	3.67	7.2	0.76	True	RecA1
6UV2:A:ADP501	A	PHE	112	83	3.69	13.6	0.81	True	RecA1
6UV3:A:ADP501	A	PHE	112	83	3.7	15.4	0.64	True	RecA1
6UV4:A:ADP501	A	PHE	112	83	3.46	12.9	0.22	True	RecA1
6UXW:A:ADP1802	A	TRP	838	838	6.31	66.8	2.29	False	RecA2
6VZ4:K:ADP1502	K	TRP	541	257	5.81	86.8	3.29	False	unassigned
6X2F:A:ADP2000	A	PHE	599	599	4.62	39.0	2.7	False	RecA1
6X2F:A:ADP2000	A	PHE	597	597	5.72	81.9	4.11	False	RecA1
6X2N:A:ATP2000	A	PHE	597	597	5.88	67.6	3.81	False	RecA1
6X2N:A:ATP2000	A	PHE	599	599	3.96	10.0	1.63	True	RecA1
6X43:A:ATP2000	A	PHE	597	597	5.85	89.8	2.62	False	RecA1
6X43:A:ATP2000	A	PHE	599	599	4.6	27.1	2.95	True	RecA1
6X4W:A:ADP2000	A	PHE	599	599	4.92	40.7	3.06	False	RecA1
6X4W:A:ADP2000	A	PHE	597	597	5.74	82.6	2.61	False	RecA1
6X4Y:A:ADP2000	A	PHE	599	599	4.58	40.7	2.63	False	RecA1
6X4Y:A:ADP2000	A	PHE	597	597	6.27	86.4	3.72	False	RecA1
6X50:A:ATP2000	A	PHE	597	597	5.65	86.5	2.77	False	RecA1
6X50:A:ATP2000	A	PHE	599	599	4.36	16.7	2.69	True	RecA1
6XKI:A:ANP501	A	PHE	52	35	3.96	9.6	2.1	True	RecA1
6XKI:A:ANP501	A	PHE	366	349	4.05	1.3	2.18	True	RecA2
6YHR:A:ADP1201	A	HIS	546	31	3.42	6.3	0.38	True	RecA1
6ZNQ:A:ANP803	A	TYR	56	58	4.87	57.8	2.67	False	RecA1
6ZNQ:B:ANP802	B	TYR	56	58	4.18	21.0	1.89	True	RecA1
7ASK:F:ADP2202	F	PHE	1054	1054	6.06	61.7	5.87	False	RecA2
7AUD:D:ADP1302	A	HIS	1013	404	5.43	65.2	3.99	False	unassigned
7BDI:B:AGS2201	B	PHE	478	89	4.83	63.7	1.15	False	RecA1
7BDI:B:AGS2202	B	PHE	1325	936	4.63	12.1	2.29	True	RecA1
7BDK:B:ADP2201	B	PHE	478	89	4.66	71.4	1.13	False	RecA1
7BDK:B:ADP2202	B	PHE	1325	936	4.65	21.1	2.91	True	RecA1
7D4I:RZ:ADP1301	RZ	PHE	747	747	3.93	5.0	1.89	True	RecA2
7D5T:RZ:ADP1301	RZ	PHE	747	747	3.93	5.0	1.89	True	RecA2
7D63:RZ:ADP1301	RZ	PHE	747	747	3.93	5.0	1.89	True	RecA2
7EGP:A:ADP1501	A	TRP	838	409	6.66	62.8	2.65	False	RecA2
7ENN:K:ADP901	K	PHE	117	117	6.88	43.7	2.06	False	RecA2
7GQS:A:ADP1001	A	HIS	546	31	3.35	3.9	0.39	True	RecA1
7GQT:A:ATP1002	A	HIS	546	31	3.36	12.2	0.1	True	RecA1
7GQU:A:ADP1001	A	HIS	546	31	3.49	3.3	0.9	True	RecA1
7JL1:A:ADP2001	A	PHE	241	38	4.94	88.2	1.08	False	RecA1
7JL1:A:ADP2001	A	PHE	272	69	6.06	83.4	5.66	False	RecA2
7JL3:A:ADP2001	A	PHE	241	38	4.13	37.4	1.09	False	RecA1
7JL3:A:ADP2001	A	PHE	272	69	6.11	76.4	5.99	False	RecA2
7JL3:C:ADP2001	C	PHE	241	38	4.13	37.4	1.09	False	RecA1
7JL3:C:ADP2001	C	PHE	272	69	6.11	76.4	5.99	False	RecA2
7JL3:E:ADP2001	E	PHE	241	38	4.13	37.4	1.09	False	RecA1
7JL3:E:ADP2001	E	PHE	272	69	6.11	76.4	5.99	False	RecA2
7MQJ:A:ADP1202	A	PHE	747	371	5.12	7.3	3.86	False	RecA2
7NKX:W:ADP1501	W	TRP	447	447	5.5	78.2	3.28	False	unassigned
7NVV:7:ADP901	7	TRP	381	381	4.68	62.0	1.62	False	RecA2
7NVX:7:ADP901	7	TRP	381	381	4.96	52.1	1.47	False	RecA2
7NW0:7:ADP901	7	TRP	381	381	4.92	54.1	1.67	False	RecA2
7O4I:7:ADP903	7	TRP	427	427	5.39	78.3	2.62	False	RecA2
7O4J:7:ADP903	7	TRP	427	427	5.08	62.9	2.76	False	RecA2
7O4K:7:ADP903	7	TRP	427	427	5.09	59.5	2.82	False	RecA2
7O4L:7:ADP903	7	TRP	427	427	6.14	38.1	0.75	False	RecA2
7O72:7:ADP903	7	TRP	427	427	4.94	60.9	2.67	False	RecA2
7O73:7:ADP903	7	TRP	427	427	4.9	57.0	2.4	False	RecA2
7O75:7:ADP903	7	TRP	427	427	5.48	65.5	3.11	False	RecA2
7PLI:A:ADP500	A	TYR	23	25	4.41	52.8	0.78	False	RecA1
7PLI:B:ADP500	B	TYR	23	25	3.95	31.1	0.77	False	RecA1
7PLI:E:ADP500	E	TYR	23	25	4.53	75.9	0.82	False	RecA1
7PLI:J:ADP500	J	TYR	23	25	4.48	56.0	0.91	False	RecA1
7PLI:I:ADP500	I	TYR	23	25	4.44	37.8	0.34	False	RecA1
7PLI:F:ADP500	F	TYR	23	25	4.3	58.0	1.03	False	RecA1
7PMM:A:ADP500	A	TYR	23	25	4.37	56.8	1.05	False	RecA1
7PMM:B:ADP500	B	TYR	23	25	4.26	53.7	1.05	False	RecA1
7PMQ:C:ADP500	C	TYR	23	25	4.35	2.1	0.83	True	RecA1
7PMQ:A:ADP500	A	TYR	23	25	4.25	24.7	0.4	True	RecA1
7PMQ:B:ADP500	B	TYR	23	25	4.25	15.2	1.64	True	RecA1
7PMQ:D:ADP500	D	TYR	23	25	4.17	18.9	1.24	True	RecA1
7R7J:B:ADP601	B	PHE	3	3	5.83	69.7	3.43	False	RecA1
7TO2:A:ADP1003	A	PHE	241	241	4.52	16.6	2.63	True	RecA1
7TO2:A:ADP1003	A	PHE	272	272	5.91	44.2	4.39	False	RecA2
7VDT:A:ADP1703	A	TRP	825	667	5.72	85.4	3.43	False	RecA2
7VDV:A:ADP1703	A	TRP	825	667	5.36	89.1	3.08	False	RecA2
7W0C:A:ADP1802	A	PHE	36	36	4.87	28.6	2.1	True	RecA2
7W0D:A:ADP1802	A	PHE	36	36	4.34	21.7	2.43	True	RecA2
7W0D:F:ADP1802	F	PHE	36	36	5.25	41.8	3.05	False	RecA2
7W0E:A:ADP1804	A	PHE	36	36	4.78	37.2	3.06	False	RecA2
7X3T:V:ADP1201	V	TRP	267	200	5.56	72.6	1.42	False	RecA2
7X3W:K:ADP1201	K	TRP	267	200	6.14	69.7	0.46	False	RecA2
7Y8R:I:ADP1701	I	TRP	825	825	5.28	78.8	2.03	False	unassigned
7Z52:B:ANP2001	B	PHE	138	142	3.71	4.8	0.28	True	unassigned
7ZNJ:A:ANP502	A	PHE	58	36	3.63	4.6	1.06	True	RecA1
7ZNJ:A:ANP502	A	TYR	371	349	3.72	9.0	1.11	True	RecA2
7ZNJ:a:ANP502	a	TYR	371	349	3.67	8.8	0.94	True	RecA2
7ZNJ:a:ANP502	a	PHE	58	36	3.61	3.3	1.18	True	RecA1
7ZNJ:F:ANP502	F	PHE	58	36	3.61	3.0	1.17	True	RecA1
7ZNJ:F:ANP502	F	TYR	371	349	3.67	8.7	0.95	True	RecA2
7ZNJ:f:ANP502	f	PHE	58	36	3.61	6.0	0.97	True	RecA1
7ZNJ:f:ANP502	f	TYR	371	349	3.71	9.0	1.1	True	RecA2
7ZNJ:K:ANP502	K	PHE	58	36	3.6	5.8	1.0	True	RecA1
7ZNJ:K:ANP502	K	TYR	371	349	3.71	9.2	1.07	True	RecA2
7ZNJ:k:ANP502	k	PHE	58	36	3.59	4.4	1.04	True	RecA1
7ZNJ:k:ANP502	k	TYR	371	349	3.72	9.2	1.09	True	RecA2
8ARP:A:ADP2001	A	PHE	133	133	4.14	20.7	1.56	True	RecA1
8ARP:B:ADP2001	B	PHE	133	133	5.92	48.0	5.76	False	RecA1
8ARP:C:ADP2001	C	PHE	133	133	4.04	36.8	1.78	False	RecA1
8ARP:D:ADP2001	D	PHE	133	133	4.1	29.9	1.77	True	RecA1
8ARP:E:ADP2001	E	PHE	133	133	4.19	22.9	1.77	True	RecA1
8ARP:F:ADP2001	F	PHE	133	133	4.06	19.7	1.72	True	RecA1
8B9J:A:ADP1201	A	PHE	703	703	6.79	23.9	5.43	False	RecA2
8B9K:A:ADP1201	A	PHE	380	380	6.81	89.6	6.8	False	RecA1
8B9K:A:ADP1201	A	PHE	703	703	4.89	40.0	2.7	False	RecA2
8C6J:7:ATP502	7	PHE	58	58	3.85	15.6	1.43	True	RecA1
8C6J:7:ATP502	7	TYR	371	371	4.12	23.2	2.43	True	unassigned
8CNT:A:ADP1002	A	PHE	567	275	4.16	8.4	2.27	True	RecA2
8DVS:A:ADP1003	A	PHE	241	241	4.39	16.7	2.42	True	RecA1
8DVS:A:ADP1003	A	PHE	272	272	6.13	39.7	4.71	False	RecA2
8DVU:A:ADP1003	A	PHE	241	241	4.22	9.3	1.78	True	RecA1
8DVU:A:ADP1003	A	PHE	272	272	5.7	63.2	4.53	False	RecA2
8EJM:A:ADP801	A	PHE	401	292	4.68	27.8	3.31	True	RecA2
8ENK:A:ADP1000	A	PHE	65	27	3.47	10.6	0.55	True	RecA1
8ENK:A:ADP1000	A	PHE	381	343	3.6	10.5	0.89	True	RecA2
8ENK:B:ADP1000	B	PHE	65	27	3.41	4.1	0.33	True	RecA1
8ENK:B:ADP1000	B	PHE	381	343	3.77	9.8	1.44	True	RecA2
8FKV:NI:ADP1001	NI	TYR	116	116	3.73	16.5	0.78	True	RecA1
8FKW:NI:ADP1001	NI	TYR	116	116	3.79	10.3	0.7	True	RecA1
8FKX:NI:ADP901	NI	TYR	116	116	3.79	4.0	0.98	True	RecA1
8FKY:NI:ADP901	NI	TYR	116	116	3.81	6.2	0.95	True	RecA1
8I9Z:CW:ADP1001	CW	TYR	35	35	4.71	17.8	1.9	True	RecA1
8IA0:CW:ADP1001	CW	TYR	35	35	3.71	10.4	1.28	True	RecA1
8KCB:K:ADP902	K	PHE	272	272	5.16	57.0	0.99	False	unassigned
8KCC:K:ADP801	K	PHE	272	272	5.29	64.2	0.37	False	unassigned
8PFP:A:AGS2002	A	HIS	546	32	3.43	4.2	0.24	True	RecA1
8PJJ:A:ADP1201	A	PHE	380	380	6.98	85.0	6.93	False	unassigned
8PJJ:A:ADP1201	A	PHE	703	703	6.91	24.3	5.02	False	unassigned
8PO7:A:ADP2001	A	PHE	336	336	3.99	10.1	1.85	True	RecA2
8PO7:B:ADP2001	B	PHE	336	336	3.81	6.6	1.85	True	RecA2
8PO8:A:ADP2001	A	PHE	336	336	4.33	3.7	2.23	True	RecA2
8PO8:B:ADP2001	B	PHE	336	336	3.99	12.0	1.88	True	RecA2
8QCF:M:ATP1101	M	PHE	328	328	4.02	22.8	0.87	True	RecA1
8QKU:M:ADP1601	M	PHE	767	767	6.06	75.3	1.66	False	RecA2
8QKV:M:ADP1601	M	TYR	699	699	6.72	55.0	5.52	False	RecA1
8QKV:M:ADP1601	M	PHE	767	767	6.36	83.0	1.84	False	RecA2
8QYC:A:AGS1101	A	PHE	655	655	5.17	66.1	0.43	False	unassigned
8QYV:M:ADP1601	M	PHE	767	767	5.26	88.1	2.53	False	RecA2
8R7K:H:ANP1000	H	PHE	65	65	4.05	38.0	0.35	False	RecA1
8R7K:H:ANP1000	H	HIS	67	67	6.35	36.0	5.93	False	RecA1
8RDY:A:ADP1201	A	PHE	357	394	4.4	13.1	2.49	True	RecA2
8SKZ:A:ADP901	A	PHE	272	275	6.31	76.0	2.33	False	RecA2
8SSW:A:ADP701	A	PHE	160	29	6.98	82.7	1.6	False	RecA1
8SSW:A:ADP701	A	TYR	200	69	3.66	1.9	0.8	True	RecA1
8SSW:B:ADP701	B	TYR	200	69	3.74	3.6	0.83	True	RecA1
8SSW:B:ADP701	B	PHE	160	29	5.59	87.3	3.4	False	RecA1
8SZP:A:ADP1301	A	PHE	699	551	4.14	21.3	2.25	True	RecA2
8SZP:B:ADP1301	B	PHE	699	551	4.2	18.4	2.11	True	RecA2
8SZR:A:ADP1301	A	PHE	700	551	4.4	25.5	1.65	True	RecA2
8TBX:A:ADP701	A	TRP	22	23	3.68	1.5	1.59	True	RecA1
8V4Y:W:ADP1101	W	TRP	251	251	5.27	67.9	1.49	False	RecA2
8V6V:W:ADP1101	W	TRP	251	251	5.91	64.2	2.46	False	RecA2
8V6V:X:ADP1101	X	TRP	251	251	5.52	78.0	2.26	False	RecA2
8V7L:W:ADP1101	W	TRP	251	251	4.85	65.7	1.13	False	RecA2
8V87:3:ADP1000	3	PHE	157	157	3.88	11.5	1.73	True	RecA1
8WH8:K:ADP801	K	TYR	205	206	5.68	55.1	2.11	False	unassigned
8WH9:K:ADP802	K	PHE	272	273	5.41	74.9	2.48	False	unassigned
8WHA:K:ADP802	K	PHE	272	273	5.41	74.9	2.49	False	unassigned
8X19:I:ADP3301	I	TRP	689	689	4.57	85.4	1.62	False	RecA2
8X1C:I:ADP3301	I	TRP	689	689	5.66	87.1	2.79	False	RecA2
8YIH:A:ADP1802	A	PHE	36	35	4.65	26.6	3.66	True	RecA2
8YII:A:ADP1801	A	PHE	36	35	4.38	18.0	2.01	True	RecA2
8YLE:A:ACP501	A	HIS	29	30	3.36	5.1	0.36	True	RecA1
9ASJ:A:ANP901	A	PHE	93	93	4.91	10.2	3.66	True	RecA1
9ASJ:B:ANP901	B	PHE	93	93	4.91	10.2	3.66	True	RecA1
9AVR:A:ANP501	A	PHE	52	52	3.77	15.2	0.98	True	RecA1
9AVR:A:ANP501	A	PHE	366	366	3.72	10.6	1.34	True	RecA2
9AYQ:A:ADP1401	A	TRP	795	185	4.85	85.2	1.77	False	RecA2
9AYQ:B:ADP1401	B	TRP	795	185	4.88	86.1	1.76	False	RecA2
9B1D:A:AGS1601	A	PHE	767	767	5.09	79.9	1.11	False	RecA2
9B1E:A:ADP1601	A	PHE	767	767	6.48	58.2	1.45	False	unassigned
9C57:G:AGS3201	G	TRP	1162	1162	6.84	46.7	6.74	False	RecA2
9CA7:A:AGS3301	A	TRP	689	689	5.4	89.2	2.57	False	RecA2
9CA8:A:AGS3301	A	TRP	689	689	5.64	60.9	3.41	False	RecA2
9CAB:A:AGS3301	A	TRP	689	689	5.35	85.7	2.49	False	RecA2
9DLP:D:ADP501	D	PHE	65	70	3.71	6.2	0.48	True	RecA1
9DLP:D:ADP501	D	PHE	47	52	6.97	46.7	5.69	False	RecA1
9DTS:A:ANP502	A	PHE	52	34	3.71	10.0	0.97	True	RecA1
9DTS:A:ANP502	A	PHE	366	348	3.72	9.3	1.36	True	RecA2
9DTS:B:ANP502	B	PHE	52	34	3.75	18.0	0.84	True	RecA1
9DTS:B:ANP502	B	PHE	366	348	4.81	57.1	1.49	False	RecA2
9DTS:C:ANP502	C	PHE	52	34	3.72	12.1	0.92	True	RecA1
9DTS:C:ANP502	C	PHE	366	348	3.82	8.0	1.29	True	RecA2
9DTS:D:ANP502	D	PHE	366	348	4.01	36.3	0.99	False	RecA2
9DTS:D:ANP502	D	PHE	52	34	3.81	15.2	1.03	True	RecA1
9E1L:W:ATP1101	W	TRP	177	177	6.77	57.0	6.75	False	RecA1
9E1L:W:ATP1101	W	TRP	251	251	5.71	60.9	4.75	False	RecA2
9E1M:W:ATP1101	W	TRP	177	177	6.52	75.1	6.37	False	RecA1
9E1M:W:ATP1101	W	TRP	251	251	6.16	48.1	5.22	False	RecA2
9E1N:W:ATP1101	W	TRP	251	251	6.85	67.1	6.4	False	RecA2
9E1N:W:ATP1101	W	TYR	183	183	6.61	75.2	4.87	False	RecA1
9E1O:W:ADP1101	W	TYR	183	183	6.35	71.7	6.23	False	unassigned
9E1P:W:ADP1101	W	TRP	251	251	6.2	85.7	5.4	False	RecA2
9E1V:W:ADP1101	W	TRP	251	251	6.75	23.6	6.75	False	unassigned
9EAR:W:ADP1501	W	TRP	552	554	5.89	51.2	3.73	False	RecA2
9EI3:U:ANP1000	U	PHE	26	26	4.93	52.6	2.97	False	RecA1
9EI4:U:ADP1000	U	PHE	26	26	5.81	18.7	4.19	False	RecA1
9GCG:G:ADP1601	G	PHE	589	589	5.86	84.6	2.67	False	RecA2
9GD1:W:ADP1501	W	TRP	447	447	5.98	50.6	3.98	False	RecA2
9GD2:W:ADP1501	W	TRP	447	447	5.25	67.4	2.59	False	RecA2
9GD3:W:ADP1501	W	TRP	447	447	5.9	66.6	3.82	False	RecA2
9GE5:G:ADP1601	G	PHE	589	72	6.53	58.1	6.48	False	unassigned
9GEV:G:ADP1601	G	PHE	589	589	5.34	86.9	1.66	False	RecA2
9GFB:G:ADP1601	G	PHE	589	589	5.59	72.2	0.88	False	RecA2
9JAO:C:ADP1101	C	TRP	567	386	5.78	64.2	3.7	False	RecA2
9JNP:K:ATP1201	K	TRP	267	199	5.37	56.2	1.4	False	RecA2
9JNT:K:ADP1202	K	TRP	267	199	5.12	88.4	3.53	False	RecA2
9JNU:K:ADP1202	K	TRP	267	199	5.07	81.0	3.09	False	RecA2
9JNV:K:ADP1202	K	TRP	267	199	5.6	73.4	4.66	False	RecA2
9JNW:K:ADP1202	K	TRP	267	199	5.1	89.8	2.79	False	RecA2
9JNX:K:ADP1202	K	TRP	267	199	5.28	87.5	3.76	False	RecA2
9JO5:K:ADP1202	K	TRP	267	199	5.94	64.0	3.18	False	RecA2
9L06:K:ADP2601	K	TRP	1641	391	5.21	56.8	1.6	False	RecA2
9L06:K:ADP2601	K	PHE	2154	904	5.17	36.2	1.23	False	RecA2
9LIU:K:ATP1202	K	TRP	267	199	5.62	52.3	2.29	False	RecA2
9LIU:N:ATP1202	N	TRP	267	199	5.6	50.0	2.79	False	RecA2
9LJ2:K:ADP1202	K	TRP	267	267	5.25	89.1	3.06	False	RecA2
9LJ2:N:ADP1202	N	TRP	267	267	4.87	74.2	2.19	False	RecA2
9MFO:A:ADP1202	A	PHE	699	551	4.22	25.0	2.63	True	RecA2
9MFT:A:ADP1202	A	PHE	699	551	4.16	14.6	2.29	True	RecA2
9MJS:A:ANP1002	A	HIS	546	47	3.43	8.8	0.37	True	RecA1
9N07:A:ADP1201	A	PHE	599	617	4.91	55.0	2.46	False	RecA1
9N74:NS:ADP1301	NS	PHE	747	747	4.9	62.0	3.75	False	RecA2
9N75:NS:ADP1301	NS	PHE	747	747	4.38	11.7	2.64	True	unassigned
9NFV:A:ATP3301	A	TRP	689	689	5.78	76.3	3.13	False	RecA2
9NFW:A:ATP3301	A	TRP	689	689	5.67	89.9	2.17	False	RecA2
9NFX:A:AGS3301	A	TRP	689	689	5.25	85.3	2.48	False	RecA2
9NFY:A:AGS3301	A	TRP	689	689	5.12	85.1	2.4	False	RecA2
9NFZ:A:AGS3301	A	TRP	689	689	5.57	85.1	2.6	False	RecA2
9NG0:A:AGS3301	A	TRP	689	689	5.56	87.1	1.56	False	RecA2
9PGC:A:AGS3301	A	TRP	689	689	5.28	88.9	2.54	False	RecA2
9RTI:A:AGS1001	A	HIS	546	32	3.54	8.6	0.62	True	RecA1
9RUR:A:AGS1001	A	HIS	546	32	3.71	31.4	0.84	False	RecA1
9RUR:A:ADP1007	A	HIS	546	32	3.18	17.3	0.88	True	RecA1
9RUR:B:AGS1001	B	HIS	546	32	3.47	7.6	0.33	True	RecA1
9RUS:A:AGS1001	A	HIS	546	32	3.5	2.1	0.54	True	RecA1
9RUS:A:ADP1006	A	HIS	546	32	3.55	10.0	0.44	True	RecA1
9RUS:B:AGS1001	B	HIS	546	32	3.64	10.1	0.51	True	RecA1
9RUS:B:ADP1003	B	HIS	546	32	3.73	16.9	0.61	True	RecA1
9RV1:H:ANP501	H	PHE	381	381	3.77	15.1	0.76	True	RecA2
9RV1:H:ANP501	H	PHE	65	65	3.44	4.7	0.18	True	RecA1
9S19:A:AGS1002	A	HIS	546	32	3.3	12.6	0.27	True	RecA1
9S19:B:AGS1006	B	HIS	546	32	3.3	14.7	0.29	True	RecA1
9T6N:B:ADP501	B	PHE	65	69	4.84	40.9	1.38	False	RecA1
9UPB:D:ANP501	D	PHE	65	92	4.01	6.8	0.84	True	RecA1
9UX9:K:ADP1703	K	TRP	826	826	6.95	61.6	3.77	False	RecA2
9VCT:A:ADP801	A	PHE	474	448	4.68	70.8	1.1	False	unassigned
9VCT:A:ADP801	A	TYR	215	189	6.97	32.6	3.13	False	unassigned
9VCU:A:ADP801	A	TYR	215	189	3.85	5.3	1.86	True	RecA2
9VCU:A:ADP801	A	PHE	474	448	6.69	40.4	6.0	False	RecA2
9VD0:A:ANP801	A	TYR	215	189	5.01	34.6	4.65	False	RecA2
9VD0:A:ANP801	A	PHE	474	448	5.08	74.5	1.48	False	RecA2
9VD1:B:ANP801	B	PHE	474	448	5.02	67.0	2.75	False	RecA2
9VD1:B:ANP801	B	TYR	215	189	4.12	32.5	0.36	False	RecA2
9VD1:A:ANP801	A	PHE	474	448	4.81	47.0	1.22	False	unassigned
9VD1:A:ANP801	A	TYR	215	189	5.36	43.6	4.54	False	unassigned
9WM1:A:ADP801	A	PHE	267	267	3.66	13.4	0.69	True	RecA1
9WM1:F:ADP801	F	PHE	267	267	3.85	24.1	1.22	True	RecA1
9WM1:K:ADP801	K	PHE	267	267	3.85	17.4	1.05	True	RecA1
9WM1:P:ADP801	P	PHE	267	267	3.81	21.6	1.13	True	RecA1
9WM2:A:ADP801	A	PHE	267	267	3.83	17.1	0.9	True	RecA1
9XTT:C:ADP2201	C	PHE	478	478	6.48	20.9	5.48	False	unassigned
9XTT:C:ADP2202	C	PHE	1325	1325	5.65	34.6	4.06	False	RecA1
9XU3:C:ADP2201	C	PHE	478	478	6.47	60.2	5.33	False	unassigned
9XU3:C:ADP2202	C	PHE	1325	1325	4.09	9.2	1.27	True	RecA1
9Y3D:A:AGS3301	A	TRP	689	689	5.37	89.4	2.55	False	RecA2
9Y3F:A:ATP3301	A	TRP	689	689	5.8	79.3	3.03	False	RecA2
9Y3G:A:ATP3301	A	TRP	689	689	5.61	88.3	2.15	False	RecA2
