site	pdb	ua_state	ua	ua_aa	ua_to_walkerK	anchor	ua_ring_to_adenine	ua_min_to_nucleotide	ua_bfactor_z	loop_missing	n_window_aromatics	window_seq
10AP:A:ATP1002	10AP	displaced	PHE527	F	49.0	Q	16.35	12.74	1.27	10	2	----------DFLWPAPNEEQVT
1GL9:B:ANP2055	1GL9	displaced	PHE46	F	38.0	Q	12.01	9.47	-0.48	5	3	KH-----KRSLCLFPEDFLLKEF
1GL9:C:ANP2055	1GL9	displaced	PHE46	F	38.0	Q	11.92	9.31	-0.55	6	3	KH------RSLCLFPEDFLLKEF
1GM5:A:ADP1756	1GM5	displaced	PHE336	F	60.0	Q	32.09	23.4	0.33	0	2	FQKIRKEREKHGGIPKKIEGKLA
1OYY:A:AGS527	1OYY	absent				Q				8	0	--------MAQAEVLNLESGAKQ
1XTJ:A:ADP550	1XTJ	inserted	PHE47	F	48.0	Q	7.27	3.57	-0.04	10	2	----------SGFRDFLLKPELL
21WA:I:ADP1802	21WA	displaced	TYR732	Y	49.0	Q	27.57	22.67	1.48	10	3	----------YYAVAHAVTERVD
21WC:I:ADP1802	21WC	displaced	TYR732	Y	49.0	Q	26.58	22.31	1.12	10	3	----------YYAVAHAVTERVD
28ZI:A:ADP1301	28ZI	not_modelled				walkerK				22	0	----------------------M
28ZI:B:ADP1301	28ZI	not_modelled				walkerK				22	0	----------------------M
28ZI:C:ADP1301	28ZI	not_modelled				walkerK				22	0	----------------------M
28ZI:D:ADP1301	28ZI	not_modelled				walkerK				22	0	----------------------M
28ZJ:A:ADP1301	28ZJ	not_modelled				walkerK				22	0	----------------------M
28ZJ:B:ADP1301	28ZJ	not_modelled				walkerK				22	0	----------------------M
28ZJ:C:ADP1301	28ZJ	not_modelled				walkerK				22	0	----------------------M
28ZJ:D:ADP1301	28ZJ	not_modelled				walkerK				22	0	----------------------M
28ZK:A:ADP1301	28ZK	not_modelled				walkerK				22	0	----------------------M
28ZK:B:ADP1301	28ZK	not_modelled				walkerK				22	0	----------------------M
28ZK:C:ADP1301	28ZK	not_modelled				walkerK				22	0	----------------------M
28ZK:D:ADP1301	28ZK	not_modelled				walkerK				22	0	----------------------M
28ZL:A:ADP1301	28ZL	not_modelled				walkerK				22	0	----------------------M
28ZL:B:ADP1301	28ZL	not_modelled				walkerK				22	0	----------------------M
28ZL:C:ADP1301	28ZL	not_modelled				walkerK				22	0	----------------------M
28ZL:D:ADP1301	28ZL	not_modelled				walkerK				22	0	----------------------M
28ZM:A:ADP1301	28ZM	not_modelled				walkerK				22	0	----------------------M
28ZM:B:ADP1301	28ZM	not_modelled				walkerK				22	0	----------------------M
28ZM:C:ADP1301	28ZM	not_modelled				walkerK				22	0	----------------------M
28ZM:D:ADP1301	28ZM	not_modelled				walkerK				22	0	----------------------M
28ZO:A:ADP1301	28ZO	not_modelled				walkerK				22	0	----------------------M
28ZO:B:ADP1301	28ZO	not_modelled				walkerK				22	0	----------------------M
28ZO:C:ADP1301	28ZO	not_modelled				walkerK				22	0	----------------------M
28ZP:A:ADP1301	28ZP	not_modelled				walkerK				22	0	----------------------M
28ZP:B:ADP2102	28ZP	not_modelled				walkerK				22	0	----------------------M
28ZP:C:ADP1301	28ZP	not_modelled				walkerK				22	0	----------------------M
28ZP:D:ADP1301	28ZP	not_modelled				walkerK				22	0	----------------------M
28ZQ:A:ADP1301	28ZQ	not_modelled				walkerK				22	0	----------------------M
28ZQ:B:ADP1301	28ZQ	not_modelled				walkerK				22	0	----------------------M
28ZQ:C:ADP1301	28ZQ	not_modelled				walkerK				22	0	----------------------M
28ZQ:D:ADP1301	28ZQ	not_modelled				walkerK				22	0	----------------------M
28ZR:A:ADP1301	28ZR	not_modelled				walkerK				22	0	----------------------M
28ZR:B:ADP1301	28ZR	not_modelled				walkerK				22	0	----------------------M
28ZR:C:ADP1301	28ZR	not_modelled				walkerK				22	0	----------------------M
28ZR:D:ADP2602	28ZR	not_modelled				walkerK				22	0	----------------------M
28ZS:A:ADP1201	28ZS	not_modelled				walkerK				21	0	---------------------QM
28ZT:A:ADP1301	28ZT	displaced	HIS376	H	41.0	walkerK	22.7	16.26	1.34	0	1	PEQISMDLKNELMYQLEQDHDLQ
28ZT:B:ADP1301	28ZT	displaced	HIS376	H	41.0	walkerK	24.22	17.56	-0.29	0	2	PEQISMDLKNELMYQLEQDHDLQ
28ZT:C:ADP1301	28ZT	displaced	HIS376	H	41.0	walkerK	23.09	16.66	0.41	0	2	PEQISMDLKNELMYQLEQDHDLQ
28ZT:D:ADP1301	28ZT	displaced	HIS376	H	41.0	walkerK	23.01	16.39	0.73	0	2	PEQISMDLKNELMYQLEQDHDLQ
29WD:0:ADP901	29WD	displaced	PHE297	F	49.0	walkerK	27.29	23.05	0.81	0	4	HLEYPLLAEYDFRNDSVNPDINI
2D7D:A:ADP662	2D7D	not_modelled				Q				23	0	-----------------------
2DB3:A:ANP2901	2DB3	inserted	PHE247	F	48.0	Q	7.44	3.68	0.32	0	2	VTGSDVPQPIQHFTSADLRDIII
2DB3:B:ANP2902	2DB3	inserted	PHE247	F	48.0	Q	7.39	3.67	-0.15	0	2	VTGSDVPQPIQHFTSADLRDIII
2DB3:C:ANP2903	2DB3	inserted	PHE247	F	48.0	Q	7.42	3.78	0.72	0	2	VTGSDVPQPIQHFTSADLRDIII
2DB3:D:ANP2904	2DB3	inserted	PHE247	F	48.0	Q	7.9	4.21	1.82	0	2	VTGSDVPQPIQHFTSADLRDIII
2HYI:C:ANP801	2HYI	inserted	PHE40	F	48.0	Q	7.71	3.81	-0.45	0	2	FETSEEVDVTPTFDTMGLREDLL
2HYI:I:ANP802	2HYI	inserted	PHE40	F	48.0	Q	7.52	3.72	-0.23	0	2	FETSEEVDVTPTFDTMGLREDLL
2I4I:A:AMP600	2I4I	inserted	PHE182	F	48.0	Q	7.77	3.71	-0.31	0	2	ATGNNCPPHIESFSDVEMGEIIM
2J0Q:A:ANP1413	2J0Q	inserted	PHE40	F	48.0	Q	7.72	3.85	0.12	0	2	FETSEEVDVTPTFDTMGLREDLL
2J0Q:B:ANP1413	2J0Q	inserted	PHE40	F	48.0	Q	7.66	3.83	0.13	0	2	FETSEEVDVTPTFDTMGLREDLL
2J0S:A:ANP1413	2J0S	inserted	PHE40	F	48.0	Q	7.6	3.73	-0.76	0	2	FETSEEVDVTPTFDTMGLREDLL
2NMV:A:ADP662	2NMV	not_modelled				Q				23	0	-----------------------
2OXC:A:ADP300	2OXC	inserted	PHE64	F	48.0	Q	7.94	3.96	2.03	10	1	----------ADFESLLLSRPVL
2OXC:B:ADP300	2OXC	inserted	PHE64	F	48.0	Q	7.68	3.72	2.29	10	1	----------ADFESLLLSRPVL
2PL3:A:ADP300	2PL3	inserted	PHE71	F	48.0	Q	7.33	3.55	-0.83	0	3	NYEKINVNEITRFSDFPLSKKTL
2V1X:A:ADP1593	2V1X	displaced	TRP75	W	44.0	Q	19.54	15.3	-1.12	4	3	----SSPAAWNKEDFPWSGKVKD
2V1X:B:ADP1593	2V1X	displaced	TRP75	W	44.0	Q	19.67	15.46	-1.11	4	3	----SSPAAWNKEDFPWSGKVKD
2VSO:A:AMP1394	2VSO	inserted	PHE24	F	48.0	Q	7.97	3.8	-0.47	0	3	QIQTNYDKVVYKFDDMELDENLL
2VSO:B:AMP1394	2VSO	inserted	PHE24	F	48.0	Q	8.19	4.08	-0.38	0	3	QIQTNYDKVVYKFDDMELDENLL
2VSX:A:AMP1178	2VSX	inserted	PHE24	F	48.0	Q	8.13	3.94	-0.19	0	3	QIQTNYDKVVYKFDDMELDENLL
2VSX:B:AMP1178	2VSX	inserted	PHE24	F	48.0	Q	8.48	4.29	-0.16	0	3	QIQTNYDKVVYKFDDMELDENLL
2XAU:A:ADP1750	2XAU	displaced	TYR83	Y	39.0	walkerK	15.25	12.17	0.15	0	3	EAQKLEDGKINPFTGREFTPKYV
2XAU:B:ADP1748	2XAU	displaced	TYR83	Y	39.0	walkerK	15.1	12.13	-0.32	0	3	EAQKLEDGKINPFTGREFTPKYV
2XB2:A:ANP1413	2XB2	inserted	PHE40	F	48.0	Q	7.43	3.6	-0.99	0	2	FETSEEVDVTPTFDTMGLREDLL
2XB2:X:ANP1413	2XB2	inserted	PHE40	F	48.0	Q	7.46	3.62	-1.13	0	2	FETSEEVDVTPTFDTMGLREDLL
2XGJ:A:ADP2074	2XGJ	displaced	HIS117	H	60.0	Q	11.7	9.31	-0.29	0	5	HQVRHQVALPPNYDYTPIAEHKR
2XGJ:B:ADP2074	2XGJ	displaced	HIS117	H	60.0	Q	11.03	8.66	2.48	0	5	HQVRHQVALPPNYDYTPIAEHKR
2ZJ5:A:ADP801	2ZJ5	absent				Q				10	0	----------MRVDELRVDERIK
2ZJA:A:ACP901	2ZJA	absent				Q				10	0	----------MRVDELRVDERIK
3B7G:A:ANP300	3B7G	inserted	PHE64	F	48.0	Q	7.72	4.2	2.25	10	1	----------ADFESLLLSRPVL
3B7G:B:ANP300	3B7G	inserted	PHE64	F	48.0	Q	7.52	4.0	2.02	10	1	----------ADFESLLLSRPVL
3BER:A:AMP300	3BER	inserted	PHE26	F	48.0	Q	7.48	3.61	-0.41	0	1	SQPIVEEEETKTFKDLGVTDVLC
3DKP:A:ADP402	3DKP	inserted	PHE163	F	52.0	Q	7.79	4.01	0.04	0	2	DLPDPIATFQQLDQEYKINSRLL
3EWS:A:ADP602	3EWS	inserted	PHE94	F	48.0	Q	7.65	3.65	-0.34	0	2	RDPNSPLYSVKSFEELRLKPQLL
3EWS:B:ADP602	3EWS	inserted	PHE94	F	48.0	Q	7.16	3.45	0.46	5	1	RD-----YSVKSFEELRLKPQLL
3EX7:C:ADP414	3EX7	inserted	PHE40	F	48.0	Q	7.46	3.63	-0.24	0	2	FETSEEVDVTPTFDTMGLREDLL
3EX7:H:ADP414	3EX7	inserted	PHE40	F	48.0	Q	7.43	3.56	-0.64	0	2	FETSEEVDVTPTFDTMGLREDLL
3FE2:A:ADP308	3FE2	inserted	PHE96	F	48.0	Q	7.57	3.64	0.05	0	4	VRGHNCPKPVLNFYEANFPANVM
3FE2:B:ADP308	3FE2	inserted	PHE96	F	48.0	Q	7.5	3.62	-0.12	0	4	VRGHNCPKPVLNFYEANFPANVM
3FHT:A:ANP480	3FHT	inserted	PHE94	F	48.0	Q	7.63	3.8	-0.86	0	2	RDPNSPLYSVKSFEELRLKPQLL
3FHT:B:ANP2	3FHT	inserted	PHE94	F	48.0	Q	7.53	3.65	-0.83	0	2	RDPNSPLYSVKSFEELRLKPQLL
3FMO:B:ADP301	3FMO	inserted	PHE94	F	48.0	Q	7.45	3.69	-0.12	0	2	RDPNSPLYSVKSFEELRLKPQLL
3FMP:B:ADP480	3FMP	inserted	PHE94	F	48.0	Q	7.61	3.64	-0.65	0	2	RDPNSPLYSVKSFEELRLKPQLL
3FMP:D:ADP480	3FMP	inserted	PHE94	F	48.0	Q	7.64	3.69	-0.6	0	2	RDPNSPLYSVKSFEELRLKPQLL
3G0H:A:ANP1	3G0H	inserted	PHE94	F	48.0	Q	7.72	4.03	-1.1	0	2	RDPNSPLYSVKSFEELRLKPQLL
3I5X:A:ANP1000	3I5X	displaced	HIS118	H	38.0	Q	15.12	11.19	0.19	0	1	EDNSKEVTLDSLLEEGVLDKEIH
3I5Y:A:ANP1000	3I5Y	displaced	HIS118	H	38.0	Q	15.03	11.55	0.43	0	1	EDNSKEVTLDSLLEEGVLDKEIH
3I61:A:ADP1000	3I61	displaced	HIS118	H	38.0	Q	15.1	11.18	-0.2	0	1	EDNSKEVTLDSLLEEGVLDKEIH
3I62:A:ADP1000	3I62	displaced	HIS118	H	38.0	Q	15.13	11.35	0.21	0	1	EDNSKEVTLDSLLEEGVLDKEIH
3IUY:A:AMP160	3IUY	inserted	PHE232	F	49.0	Q	8.08	4.42	-0.42	0	3	EKRLIPKPTCRFKDAFQQYPDLL
3IUY:B:AMP160	3IUY	inserted	PHE232	F	49.0	Q	7.95	4.07	0.86	0	3	EKRLIPKPTCRFKDAFQQYPDLL
3KX2:B:ADP1000	3KX2	displaced	TYR83	Y	39.0	walkerK	15.16	12.05	-0.67	0	3	EAQKLEDGKINPFTGREFTPKYV
3KX2:A:ADP1000	3KX2	displaced	TYR83	Y	39.0	walkerK	15.04	12.1	-0.63	0	3	EAQKLEDGKINPFTGREFTPKYV
3LLM:A:ADP565	3LLM	displaced	HIS376	H	41.0	walkerK	23.05	16.4	3.28	0	2	PEQISMDLKNELMYQLEQDHDLQ
3LLM:B:ADP1	3LLM	displaced	TYR370	Y	47.0	walkerK	26.85	23.71	3.26	0	1	PEQISMDLKNELMYQLEQDHDLQ
3MWY:W:AGS2000	3MWY	displaced	PHE361	F	46.0	walkerK	28.5	22.9	0.33	0	3	LPQYSSNYTSQRPRFEKLSVQPP
3P4X:A:ADP800	3P4X	displaced	PHE67	F	39.0	Q	12.71	9.01	0.63	13	4	-------------EFWNEYEDFR
3PEW:A:ADP1000	3PEW	inserted	PHE94	F	48.0	Q	7.46	3.73	-0.29	9	1	---------AKSFDELGLAPELL
3PEY:A:ADP1000	3PEY	inserted	PHE94	F	48.0	Q	7.44	3.76	-0.17	9	1	---------AKSFDELGLAPELL
3RC3:A:ANP801	3RC3	displaced	PHE170	F	43.0	walkerK	62.5	49.26	-0.61	0	6	AHADDLFPFFLRHAKQIFPVLDC
3RRM:A:ADP1	3RRM	not_modelled				Q				16	0	----------------GLAPELL
3RRN:A:ADP1	3RRN	inserted	PHE94	F	48.0	Q	7.87	4.59	-0.32	6	1	------GAMAKSFDELGLAPELL
3SQW:A:ANP800	3SQW	displaced	HIS118	H	38.0	Q	15.07	11.27	0.72	0	1	EDNSKEVTLDSLLEEGVLDKEIH
3SQX:A:ANP800	3SQX	displaced	HIS118	H	38.0	Q	15.1	11.22	0.99	0	1	EDNSKEVTLDSLLEEGVLDKEIH
3TBK:A:ANP1	3TBK	not_modelled				Q				23	0	-----------------------
3V4R:A:ADP701	3V4R	not_modelled				Q				23	0	-----------------------
3ZD7:A:ADP1924	3ZD7	not_modelled				Q				23	0	-----------------------
4A4Z:A:ANP2288	4A4Z	displaced	HIS310	H	47.0	Q	20.36	14.48	0.78	2	3	--KKEWAHVVDLNHKIENFDELI
4AY2:A:ADP1924	4AY2	not_modelled				Q				23	0	-----------------------
4BGD:A:ADP3164	4BGD	displaced	PHE1317	F	58.0	Q	28.58	20.63	1.58	0	1	KKFPPPTPLLENISISTSELGND
4CDG:A:ADP1634	4CDG	displaced	HIS651	H	44.0	Q	18.58	15.34	0.05	4	4	----LKHERFQSLSFPHTKEMMK
4CDG:B:ADP1634	4CDG	displaced	HIS651	H	44.0	Q	18.5	15.28	-0.45	6	4	------HERFQSLSFPHTKEMMK
4CGZ:A:ADP2292	4CGZ	displaced	HIS651	H	44.0	Q	19.02	16.0	-0.4	2	4	--RNLKHERFQSLSFPHTKEMMK
4D25:A:ANP1564	4D25	inserted	PHE182	F	48.0	Q	7.41	3.77	0.1	0	2	VSGENPPRPIESFETANLRKYVL
4D26:A:ADP1564	4D26	inserted	PHE182	F	48.0	Q	7.28	3.59	0.89	0	2	VSGENPPRPIESFETANLRKYVL
4F93:B:ADP3001	4F93	displaced	PHE455	F	53.0	Q	14.8	11.97	1.17	0	2	PALKPKPFGSEEQLLPVEKLPKY
4F93:B:ATP3002	4F93	displaced	PHE1317	F	38.0	Q	17.52	12.88	0.26	0	2	YPPPTELLDLQPLPVSALRNSAF
4GL2:A:ANP1101	4GL2	not_modelled				Q				23	0	-----------------------
4GL2:B:ANP1101	4GL2	not_modelled				walkerK				23	0	-----------------------
4KIT:B:ADP2201	4KIT	displaced	PHE455	F	53.0	Q	15.19	12.25	0.63	0	2	PALKPKPFGSEEQLLPVEKLPKY
4KIT:B:ADP2202	4KIT	displaced	PHE1317	F	38.0	Q	17.56	12.17	0.31	0	2	YPPPTELLDLQPLPVSALRNSAF
4LJY:A:ADP701	4LJY	inserted	TRP257	W	49.0	Q	7.49	3.62	-0.74	0	1	KGTGCPKPVTKWSQLGLSTDTMV
4O3M:A:ADP1303	4O3M	displaced	HIS651	H	44.0	Q	18.49	15.29	-0.55	5	4	-----KHERFQSLSFPHTKEMMK
4PX9:A:ADP601	4PX9	inserted	PHE182	F	48.0	Q	7.94	3.91	-0.75	0	2	ATGNNCPPHIESFSDVEMGEIIM
4PX9:B:ADP501	4PX9	inserted	PHE182	F	48.0	Q	7.8	3.76	-0.87	0	2	ATGNNCPPHIESFSDVEMGEIIM
4PX9:C:ADP501	4PX9	inserted	PHE182	F	48.0	Q	7.77	3.69	-0.25	0	2	ATGNNCPPHIESFSDVEMGEIIM
4PXA:A:ADP601	4PXA	inserted	PHE182	F	48.0	Q	7.85	3.99	-0.22	0	2	ATGNNCPPHIESFSDVEMGEIIM
4Q47:A:ADP601	4Q47	displaced	HIS9	H	43.0	Q	14.79	10.77	2.07	13	2	-------------PAALHDRALH
4Q47:B:ADP601	4Q47	displaced	HIS14	H	38.0	Q	16.75	11.1	-1.14	16	2	----------------LHDRALH
4TYN:A:ADP603	4TYN	displaced	HIS118	H	38.0	Q	15.06	10.85	0.15	0	1	EDNSKEVTLDSLLEEGVLDKEIH
4TYW:A:ADP604	4TYW	displaced	HIS118	H	38.0	Q	15.11	10.98	0.11	0	1	EDNSKEVTLDSLLEEGVLDKEIH
4W7S:B:ANP601	4W7S	inserted	TRP174	W	50.0	Q	7.8	3.67	-0.85	0	1	GGTVENPLRNWEELNIIPRDLLR
5A9F:A:ADP1892	5A9F	displaced	TRP74	W	45.0	Q	13.41	9.77	1.99	8	1	--------DKLLLANWGLPKAVL
5AGA:A:ANP1892	5AGA	displaced	TRP74	W	45.0	Q	12.86	9.18	1.5	8	1	--------DKLLLANWGLPKAVL
5AOR:A:ADP2159	5AOR	displaced	TYR374	Y	39.0	walkerK	16.13	13.92	-0.07	0	2	IDDLSMDYERSLRDRRQNDNEYR
5AOR:B:ADP2159	5AOR	displaced	TYR374	Y	39.0	walkerK	16.13	13.94	-0.43	0	2	IDDLSMDYERSLRDRRQNDNEYR
5D0U:A:ADP801	5D0U	displaced	TYR86	Y	39.0	walkerK	15.26	12.21	-0.73	0	4	QAEAVEDSDINPWTGQRHSERYF
5DTU:A:ADP801	5DTU	inserted	TRP278	W	48.0	Q	8.32	3.84	-0.54	0	1	TKGGSIPNPMRNWEESGLPRRLL
5E02:A:ADP1201	5E02	displaced	HIS149	H	59.0	walkerK	20.06	17.1	-0.47	0	4	QHQVALPPDLDYEYIPLSEHKPP
5E3H:A:ADP1006	5E3H	not_modelled				Q				23	0	-----------------------
5E7J:A:AMP801	5E7J	inserted	PHE182	F	48.0	Q	7.87	3.77	-0.16	0	2	ATGNNCPPHIESFSDVEMGEIIM
5E7M:A:ANP801	5E7M	inserted	PHE182	F	48.0	Q	8.04	4.16	0.37	0	2	ATGNNCPPHIESFSDVEMGEIIM
5GJU:A:AMP301	5GJU	inserted	PHE8	F	48.0	Q	7.45	2.46	-0.5	10	1	----------TTFADLGLKAPIL
5GM6:Y:ADP902	5GM6	not_modelled				walkerK				18	0	------------------EKRIL
5I8Q:A:ANP802	5I8Q	displaced	TYR83	Y	39.0	walkerK	14.98	12.29	1.5	0	3	EAQKLEDGKINPFTGREFTPKYV
5I8Q:B:ANP802	5I8Q	displaced	TYR83	Y	39.0	walkerK	14.63	11.8	1.17	0	3	EAQKLEDGKINPFTGREFTPKYV
5LB3:B:ADP502	5LB3	not_modelled				Q				13	0	-------------SDPERRVRST
5LB3:E:ADP502	5LB3	not_modelled				Q				13	0	-------------SDPERRVRST
5LB5:A:ADP504	5LB5	not_modelled				Q				14	0	--------------DPERRVRST
5LB5:B:ADP504	5LB5	not_modelled				Q				14	0	--------------DPERRVRST
5LB5:C:ADP503	5LB5	not_modelled				Q				14	0	--------------DPERRVRST
5LB5:D:ADP504	5LB5	not_modelled				Q				14	0	--------------DPERRVRST
5LBA:B:ADP503	5LBA	not_modelled				Q				14	0	--------------DPERRVRST
5LBA:A:ADP502	5LBA	not_modelled				Q				14	0	--------------DPERRVRST
5LBA:C:ADP503	5LBA	not_modelled				Q				14	0	--------------DPERRVRST
5LBA:D:ADP503	5LBA	not_modelled				Q				14	0	--------------DPERRVRST
5LTA:A:ADP801	5LTA	displaced	TYR86	Y	39.0	walkerK	14.73	11.96	-0.35	0	4	QAEAVEDSDINPWTGQRHSERYF
5LTJ:A:ADP801	5LTJ	displaced	TYR86	Y	39.0	walkerK	14.73	11.89	-1.06	0	4	QAEAVEDSDINPWTGQRHSERYF
5LTK:A:ADP801	5LTK	displaced	TYR86	Y	39.0	walkerK	14.87	12.01	-0.78	0	4	QAEAVEDSDINPWTGQRHSERYF
5O9G:W:ADP1501	5O9G	displaced	PHE361	F	46.0	walkerK	22.93	19.0	-0.12	0	3	LPQYSSNYTSQRPRFEKLSVQPP
5SUP:A:ADP1000	5SUP	inserted	PHE64	F	48.0	Q	7.07	3.32	-0.18	10	2	----------TGFKDFLLKPELS
5SUP:B:ADP2000	5SUP	inserted	PHE64	F	48.0	Q	7.31	3.39	0.57	10	2	----------TGFKDFLLKPELS
5SUP:C:ADP3000	5SUP	inserted	PHE64	F	48.0	walkerK	7.98	4.12	2.21	12	2	------------FKDFLLKPELS
5V9X:A:ANP901	5V9X	displaced	PHE12	F	42.0	Q	13.77	11.34	-0.25	12	1	------------ADPLGRFSALT
5VHC:D:ADP1103	5VHC	displaced	TYR199	Y	39.0	walkerK	15.83	13.22	-0.2	0	1	PDATLDQQLLEDLQKKKTDLRYI
5VHD:D:ADP1101	5VHD	displaced	TYR199	Y	39.0	walkerK	15.69	13.04	-0.34	0	1	PDATLDQQLLEDLQKKKTDLRYI
5XDR:A:ADP801	5XDR	displaced	TYR127	Y	39.0	walkerK	15.19	12.22	0.81	8	4	--------CINPFTNLPHTPRYY
5XJC:D:ADP2201	5XJC	displaced	PHE455	F	53.0	Q	15.19	12.25	0.63	0	2	PALKPKPFGSEEQLLPVEKLPKY
5XJC:D:ADP2202	5XJC	displaced	PHE1317	F	38.0	Q	17.56	12.17	0.31	0	2	YPPPTELLDLQPLPVSALRNSAF
5Y4Z:A:ANP701	5Y4Z	not_modelled				walkerK				23	0	-----------------------
5Z3O:O:ADP1501	5Z3O	displaced	TYR745	Y	49.0	Q	28.25	23.24	1.62	9	3	---------DYYNVAHRIKEDIK
5Z3U:O:ADP1502	5Z3U	displaced	HIS749	H	49.0	walkerK	25.12	20.07	0.63	5	3	-----DYYNVAHRIKEDIKKQPS
5Z3V:O:ADP1501	5Z3V	displaced	HIS749	H	49.0	walkerK	25.34	19.2	0.89	5	3	-----DYYNVAHRIKEDIKKQPS
5ZC9:A:ANP500	5ZC9	inserted	PHE34	F	48.0	Q	7.79	3.89	0.77	7	1	-------EIVDSFDDMNLSESLL
6ACX:A:ADP1305	6ACX	displaced	TRP631	W	45.0	walkerK	24.25	17.66	1.73	0	2	KRQSAPGHAFGPDTPWQAEMEDA
6ACX:B:ADP1302	6ACX	displaced	PHE625	F	51.0	walkerK	25.44	20.15	1.27	0	1	KRQSAPGHAFGPDTPWQAEMEDA
6ADX:A:ADP701	6ADX	not_modelled				walkerK				23	0	-----------------------
6B4I:E:ADP501	6B4I	inserted	PHE94	F	48.0	Q	7.45	2.58	-0.12	0	2	RDPNSPLYSVKSFEELRLKPQLL
6B4I:F:ADP501	6B4I	inserted	PHE94	F	48.0	Q	8.49	3.23	1.02	0	2	RDPNSPLYSVKSFEELRLKPQLL
6B4J:E:ANP504	6B4J	inserted	PHE94	F	48.0	Q	7.7	2.63	0.21	0	2	RDPNSPLYSVKSFEELRLKPQLL
6B4J:F:ANP504	6B4J	inserted	PHE94	F	48.0	Q	8.4	3.24	0.84	0	2	RDPNSPLYSVKSFEELRLKPQLL
6B4K:A:ANP502	6B4K	inserted	PHE94	F	48.0	Q	7.77	2.53	-1.0	0	2	RDPNSPLYSVKSFEELRLKPQLL
6B4K:B:ANP502	6B4K	inserted	PHE94	F	48.0	Q	7.62	2.36	-0.96	0	2	RDPNSPLYSVKSFEELRLKPQLL
6C90:A:ADP1101	6C90	displaced	HIS112	H	55.0	Q	19.9	16.98	-0.96	0	2	VEGCTHEVALPAEEDYLPLKPRV
6D6Q:M:ANP2001	6D6Q	inserted	PHE138	F	60.0	walkerK	3.95	3.15	0.92	0	2	FILDAFQREAIQCVDNNQSVLVS
6FA5:A:ADP1001	6FA5	not_modelled				walkerK				20	0	--------------------AQR
6FAA:A:ADP1001	6FAA	not_modelled				walkerK				17	0	-----------------AERAQR
6FAC:A:ADP1001	6FAC	absent				walkerK				2	0	--PMTPEQRLLKQKIEEAERAQR
6FWS:A:ADP802	6FWS	inserted	TYR15	Y	45.0	walkerK	8.74	4.67	-0.69	1	2	-MALTAALKAQIAAWYKALQEQI
6FWS:B:ADP802	6FWS	inserted	TYR15	Y	45.0	walkerK	8.8	4.68	0.07	2	2	--ALTAALKAQIAAWYKALQEQI
6G0L:M:ADP1501	6G0L	displaced	PHE361	F	46.0	walkerK	22.93	19.0	-0.12	0	3	LPQYSSNYTSQRPRFEKLSVQPP
6G19:A:ANP1102	6G19	not_modelled				walkerK				23	0	-----------------------
6GJZ:A:ANP1102	6GJZ	not_modelled				Q				23	0	-----------------------
6GKH:A:ADP1101	6GKH	not_modelled				walkerK				23	0	-----------------------
6GKM:A:ATP1102	6GKM	not_modelled				walkerK				23	0	-----------------------
6HEG:A:ADP901	6HEG	not_modelled				walkerK				23	0	-----------------------
6HYS:A:ADP1301	6HYS	not_modelled				walkerK				21	0	---------------------QM
6HYS:B:ADP1301	6HYS	not_modelled				walkerK				21	0	---------------------QM
6HYS:C:ADP1301	6HYS	not_modelled				walkerK				22	0	----------------------M
6HYS:D:ADP1301	6HYS	not_modelled				walkerK				22	0	----------------------M
6HYT:A:ADP1301	6HYT	not_modelled				walkerK				21	0	---------------------QM
6HYT:B:ADP1301	6HYT	not_modelled				walkerK				22	0	----------------------M
6HYT:C:ADP1301	6HYT	not_modelled				walkerK				22	0	----------------------M
6HYT:D:ADP1301	6HYT	not_modelled				walkerK				22	0	----------------------M
6IEG:B:ADP1101	6IEG	displaced	HIS112	H	55.0	walkerK	19.73	16.82	-0.52	0	2	VEGCTHEVALPAEEDYLPLKPRV
6IEG:A:ADP2101	6IEG	displaced	HIS112	H	55.0	Q	19.86	17.38	-0.3	0	1	VEGCTHEVALPAEEDYLPLKPRV
6IEH:B:ATP1102	6IEH	displaced	HIS112	H	55.0	Q	19.98	16.91	-1.45	0	2	VEGCTHEVALPAEEDYLPLKPRV
6IRO:L:ADP2000	6IRO	displaced	PHE185	F	42.0	walkerK	19.98	13.32	0.36	17	1	-----------------QFRESP
6IY2:O:ADP2000	6IY2	displaced	HIS749	H	49.0	walkerK	28.5	26.11	1.73	5	3	-----DYYNVAHRIKEDIKKQPS
6IY3:O:ADP2000	6IY3	displaced	HIS749	H	49.0	walkerK	27.88	25.23	1.43	5	3	-----DYYNVAHRIKEDIKKQPS
6JYL:K:ADP1201	6JYL	displaced	PHE185	F	42.0	walkerK	20.92	14.22	-0.14	17	1	-----------------QFRESP
6K1P:K:ADP1203	6K1P	displaced	PHE185	F	42.0	walkerK	19.07	14.01	0.44	17	1	-----------------QFRESP
6L5M:A:AMP601	6L5M	displaced	PHE188	F	48.0	Q	9.5	5.91	0.18	12	2	------------FSNFPISEETI
6L5M:B:AMP601	6L5M	displaced	PHE188	F	48.0	Q	9.51	5.91	0.17	12	2	------------FSNFPISEETI
6L5M:C:AMP601	6L5M	displaced	PHE188	F	48.0	Q	9.48	5.87	1.07	12	2	------------FSNFPISEETI
6L5M:D:AMP601	6L5M	displaced	PHE188	F	48.0	Q	9.5	5.89	0.48	12	2	------------FSNFPISEETI
6L5M:E:AMP601	6L5M	displaced	PHE188	F	48.0	Q	9.68	6.29	0.16	12	2	------------FSNFPISEETI
6L5N:A:ANP601	6L5N	displaced	PHE188	F	48.0	Q	9.69	6.03	0.33	11	2	-----------SFSNFPISEETI
6L5N:B:ANP601	6L5N	displaced	PHE191	F	45.0	Q	13.88	10.76	-0.21	11	2	-----------SFSNFPISEETI
6L5N:B:ANP602	6L5N	absent				walkerK				0	0	NVAARGLDIPEVDLVIQSSPPKD
6L5O:A:ADP601	6L5O	displaced	PHE188	F	48.0	Q	9.77	6.12	-0.47	11	2	-----------SFSNFPISEETI
6NE3:W:ADP801	6NE3	displaced	PHE168	F	43.0	walkerK	16.75	13.43	0.91	15	1	---------------TRFEDSPS
6QDV:7:ATP702	6QDV	inserted	PHE40	F	48.0	Q	7.71	3.81		0	2	FETSEEVDVTPTFDTMGLREDLL
6QID:A:ADP1322	6QID	displaced	TYR86	Y	39.0	walkerK	14.62	11.79	-0.91	0	4	QAEAVEDSDINPWTGQRHSERYF
6QIE:A:ADP810	6QIE	displaced	TYR86	Y	39.0	walkerK	14.63	11.9	-0.99	0	4	QAEAVEDSDINPWTGQRHSERYF
6QV3:A:ADP2201	6QV3	displaced	TRP518	W	38.0	Q	21.11	16.74	1.62	0	1	VPPPKKRSDPTDQNIPVTELPEW
6QV3:A:ADP2202	6QV3	displaced	HIS1350	H	56.0	Q	21.27	14.36	-1.2	0	2	RFPPHTELLDLQPLPVSALKAKD
6QV4:A:AGS2204	6QV4	displaced	TRP518	W	38.0	Q	22.13	15.35	1.9	0	1	VPPPKKRSDPTDQNIPVTELPEW
6QV4:A:AGS2206	6QV4	displaced	HIS1350	H	56.0	Q	21.2	15.19	-1.09	0	2	RFPPHTELLDLQPLPVSALKAKD
6RM8:A:ADP1001	6RM8	displaced	PHE269	F	57.0	walkerK	38.59	35.35	1.04	0	1	SPEFTPEQRLLKQKIEEAERAQR
6RM9:A:ADP1001	6RM9	displaced	PHE269	F	57.0	walkerK	38.31	35.07	0.19	0	1	SPEFTPEQRLLKQKIEEAERAQR
6RMA:A:ADP1002	6RMA	displaced	PHE269	F	57.0	walkerK	39.08	35.94	-0.25	0	1	SPEFTPEQRLLKQKIEEAERAQR
6RMB:A:ADP1001	6RMB	not_modelled				walkerK				22	0	----------------------R
6RMC:A:ADP1001	6RMC	not_modelled				walkerK				12	0	------------QKIEEAERAQR
6RMC:B:ADP1001	6RMC	absent				walkerK				4	0	----TPEQRLLKQKIEEAERAQR
6RO1:A:ADP1106	6RO1	displaced	HIS112	H	55.0	Q	20.18	15.87	-1.3	0	2	VEGCTHEVALPAEEDYLPLKPRV
6RYR:W:ANP2001	6RYR	displaced	TYR718	Y	39.0	walkerK	17.1	13.43	-0.3	8	2	--------TVDPTVKYERQPEYL
6RYU:W:ANP2201	6RYU	displaced	TYR718	Y	39.0	walkerK	17.2	13.06	0.43	8	2	--------TVDPTVKYERQPEYL
6RYU:V:ANP2201	6RYU	displaced	TYR718	Y	39.0	walkerK	17.2	13.06	-0.05	8	2	--------TVDPTVKYERQPEYL
6SH6:A:ADP801	6SH6	displaced	TYR127	Y	39.0	walkerK	15.12	12.33	-0.18	2	5	--PHMLEQCINPFTNLPHTPRYY
6UP3:A:ANP1001	6UP3	displaced	TYR189	Y	39.0	walkerK	16.17	13.52	0.02	0	2	PNLSLDQHLLEDLQRKKTDPRYI
6UP4:A:ADP1001	6UP4	displaced	TYR189	Y	39.0	walkerK	16.27	13.6	0.82	0	2	PNLSLDQHLLEDLQRKKTDPRYI
6UV1:A:ADP501	6UV1	inserted	PHE94	F	48.0	Q	7.21	3.36	-0.68	0	6	RGGDVCPKPVFAFHHANFPQYVM
6UV1:B:ADP501	6UV1	inserted	PHE94	F	48.0	Q	7.17	3.36	-0.8	0	6	RGGDVCPKPVFAFHHANFPQYVM
6UV2:A:ADP501	6UV2	inserted	PHE94	F	48.0	Q	7.37	3.48	-0.22	0	6	RGGDVCPKPVFAFHHANFPQYVM
6UV3:A:ADP501	6UV3	inserted	PHE94	F	48.0	Q	7.39	3.55	-0.24	0	6	RGGDVCPKPVFAFHHANFPQYVM
6UV4:A:ADP501	6UV4	inserted	PHE94	F	48.0	Q	7.33	3.51	-0.53	0	6	RGGDVCPKPVFAFHHANFPQYVM
6UXW:A:ADP1802	6UXW	displaced	HIS749	H	49.0	walkerK	25.34	19.2	1.14	5	3	-----DYYNVAHRIKEDIKKQPS
6VZ4:K:ADP1502	6VZ4	displaced	HIS452	H	45.0	Q	24.18	19.96	0.47	9	3	---------DYYEVAHRIKEKID
6X2F:A:ADP2000	6X2F	displaced	PHE593	F	41.0	walkerK	13.77	11.54	-0.37	0	5	QRAAKEGFAFKHDREQYQLFCDS
6X2N:A:ATP2000	6X2N	displaced	TYR590	Y	38.0	Q	16.12	11.99	-1.1	0	5	LLDIYAQRAAKEGFAFKHDREQY
6X43:A:ATP2000	6X43	displaced	TYR590	Y	38.0	Q	16.07	12.41	-0.93	0	5	LLDIYAQRAAKEGFAFKHDREQY
6X4W:A:ADP2000	6X4W	displaced	PHE593	F	41.0	walkerK	14.3	12.21	-0.42	0	5	QRAAKEGFAFKHDREQYQLFCDS
6X4Y:A:ADP2000	6X4Y	displaced	PHE593	F	41.0	walkerK	14.41	12.04	-0.15	0	5	QRAAKEGFAFKHDREQYQLFCDS
6X50:A:ATP2000	6X50	displaced	PHE593	F	41.0	walkerK	14.16	11.73	-0.87	0	5	QRAAKEGFAFKHDREQYQLFCDS
6XKI:A:ANP501	6XKI	inserted	PHE34	F	48.0	Q	7.7	2.32	1.19	7	1	-------EIVDSFDDMNLSESLL
6YHR:A:ADP1201	6YHR	displaced	TRP529	W	47.0	Q	17.39	13.38	0.58	12	1	------------LWPAPNEEQVT
6ZM2:A:ADP1102	6ZM2	not_modelled				walkerK				23	0	-----------------------
6ZNQ:A:ANP803	6ZNQ	displaced	HIS23	H	59.0	walkerK	26.24	19.83	-0.64	0	2	WHEIEPREAKTRPMPESIDERIK
6ZNQ:B:ANP802	6ZNQ	displaced	HIS23	H	59.0	Q	26.13	20.65	-0.71	0	2	WHEIEPREAKTRPMPESIDERIK
7AM2:BW:ATP801	7AM2	inserted	PHE115	F	48.0	Q	8.03	3.61	0.37	0	1	LAKPVKTKVVDNFADMLVTPALQ
7ASK:F:ADP2202	7ASK	displaced	PHE1013	F	39.0	walkerK	10.51	8.71		0	4	QLFETPEMLQLIHMGHLLERPFV
7AUC:A:ADP1514	7AUC	displaced	HIS651	H	44.0	Q	18.53	15.38	-0.94	4	4	----LKHERFQSLSFPHTKEMMK
7AUD:A:ADP1302	7AUD	displaced	HIS651	H	44.0	Q	18.37	15.22	0.07	5	4	-----KHERFQSLSFPHTKEMMK
7AUD:B:ADP1302	7AUD	displaced	HIS651	H	44.0	Q	18.5	15.27	0.05	3	3	---NLKHERFQSLSFPHTKEMMK
7AUD:C:ADP1302	7AUD	displaced	HIS651	H	44.0	Q	18.46	15.21	-0.77	3	3	---NLKHERFQSLSFPHTKEMMK
7AUD:D:ADP1302	7AUD	displaced	HIS651	H	44.0	Q	18.68	15.45	0.76	6	3	------HERFQSLSFPHTKEMMK
7AUD:E:ADP1302	7AUD	displaced	HIS651	H	44.0	Q	18.97	15.91	0.65	3	3	---NLKHERFQSLSFPHTKEMMK
7AUD:F:ADP1302	7AUD	displaced	HIS651	H	44.0	Q	18.5	15.28	-0.33	5	3	-----KHERFQSLSFPHTKEMMK
7BDI:B:AGS2201	7BDI	displaced	PHE455	F	53.0	Q	14.17	11.59	1.18	0	2	PALKPKPFGSEEQLLPVEKLPKY
7BDI:B:AGS2202	7BDI	displaced	PHE1317	F	38.0	Q	17.92	12.87	0.01	0	2	YPPPTELLDLQPLPVSALRNSAF
7BDK:B:ADP2201	7BDK	displaced	PHE455	F	53.0	Q	14.24	11.75	1.5	0	2	PALKPKPFGSEEQLLPVEKLPKY
7BDK:B:ADP2202	7BDK	displaced	PHE1317	F	38.0	Q	17.86	12.37	-0.19	0	2	YPPPTELLDLQPLPVSALRNSAF
7BKP:A:ATP1102	7BKP	not_modelled				Q				23	0	-----------------------
7BKQ:A:ADP1102	7BKQ	not_modelled				walkerK				23	0	-----------------------
7D4I:RZ:ADP1301	7D4I	displaced	TYR375	Y	45.0	walkerK	26.7	22.46	2.0	13	2	-------------AFYVEVSRSD
7D5T:RZ:ADP1301	7D5T	displaced	TYR375	Y	45.0	walkerK	26.7	22.46	2.0	13	2	-------------AFYVEVSRSD
7D63:RZ:ADP1301	7D63	displaced	TYR375	Y	45.0	walkerK	26.69	22.46	2.0	13	2	-------------AFYVEVSRSD
7EGP:A:ADP1501	7EGP	displaced	HIS749	H	49.0	walkerK	24.61	18.58	0.07	5	3	-----DYYNVAHRIKEDIKKQPS
7ENN:K:ADP901	7ENN	displaced	TRP39	W	38.0	walkerK	20.22	16.29	-0.11	11	1	-----------AARVQEQDLRQW
7EPU:B:ADP1201	7EPU	displaced	TRP39	W	38.0	walkerK	20.22	16.97	-0.43	0	2	LLRLHTEGRAEAARVQEQDLRQW
7GQS:A:ADP1001	7GQS	displaced	TRP529	W	47.0	Q	18.05	14.84	0.58	12	1	------------LWPAPNEEQVT
7GQT:A:ATP1002	7GQT	displaced	TRP529	W	47.0	Q	18.1	14.61	0.17	11	2	-----------FLWPAPNEEQVT
7GQU:A:ADP1001	7GQU	displaced	PHE527	F	49.0	Q	16.92	11.99	3.6	11	2	-----------FLWPAPNEEQVT
7JL0:A:ADP1102	7JL0	not_modelled				walkerK				23	0	-----------------------
7JL1:A:ADP2001	7JL1	not_modelled				walkerK				23	0	-----------------------
7JL2:A:ADP1102	7JL2	not_modelled				Q				23	0	-----------------------
7JL2:C:ADP1102	7JL2	not_modelled				Q				23	0	-----------------------
7JL2:E:ADP1102	7JL2	not_modelled				Q				23	0	-----------------------
7JL3:A:ADP2001	7JL3	not_modelled				walkerK				23	0	-----------------------
7JL3:C:ADP2001	7JL3	not_modelled				walkerK				23	0	-----------------------
7JL3:E:ADP2001	7JL3	not_modelled				walkerK				23	0	-----------------------
7MQJ:A:ADP1202	7MQJ	not_modelled				walkerK				17	0	-----------------DLSRSD
7NGA:A:ADP1102	7NGA	not_modelled				Q				23	0	-----------------------
7NIC:A:ADP1101	7NIC	not_modelled				walkerK				23	0	-----------------------
7NIQ:B:ADP1101	7NIQ	not_modelled				Q				23	0	-----------------------
7NVV:7:ADP901	7NVV	displaced	PHE297	F	49.0	walkerK	22.56	19.99	-0.25	0	4	HLEYPLLAEYDFRNDSVNPDINI
7NVX:7:ADP901	7NVX	displaced	PHE297	F	49.0	walkerK	23.3	20.73	1.6	0	4	HLEYPLLAEYDFRNDSVNPDINI
7NW0:7:ADP901	7NW0	displaced	PHE297	F	49.0	walkerK	23.24	20.66	0.95	0	4	HLEYPLLAEYDFRNDSVNPDINI
7O4I:7:ADP903	7O4I	displaced	PHE343	F	49.0	walkerK	23.28	20.71	0.48	0	4	EIDYPVLEEYDFRNDHRNPDLDI
7O4J:7:ADP903	7O4J	displaced	PHE343	F	49.0	walkerK	23.4	20.74	1.06	0	4	EIDYPVLEEYDFRNDHRNPDLDI
7O4K:7:ADP903	7O4K	displaced	PHE343	F	49.0	walkerK	23.29	20.7	-0.18	0	4	EIDYPVLEEYDFRNDHRNPDLDI
7O4L:7:ADP903	7O4L	displaced	PHE343	F	49.0	walkerK	23.47	20.92	0.76	0	4	EIDYPVLEEYDFRNDHRNPDLDI
7O72:7:ADP903	7O72	displaced	PHE343	F	49.0	walkerK	23.71	21.12	0.17	0	4	EIDYPVLEEYDFRNDHRNPDLDI
7O73:7:ADP903	7O73	displaced	PHE343	F	49.0	walkerK	23.97	21.34	0.01	0	4	EIDYPVLEEYDFRNDHRNPDLDI
7O75:7:ADP903	7O75	displaced	PHE343	F	49.0	walkerK	23.73	21.14	1.24	0	4	EIDYPVLEEYDFRNDHRNPDLDI
7PLI:A:ADP500	7PLI	inserted	PHE4	F	49.0	Q	7.68	3.92	0.29	8	1	--------MTAFSTLNVLPPAQL
7PLI:B:ADP500	7PLI	inserted	PHE4	F	49.0	Q	7.78	3.95	0.76	8	1	--------MTAFSTLNVLPPAQL
7PLI:E:ADP500	7PLI	inserted	PHE4	F	49.0	Q	7.9	4.11	-0.55	8	1	--------MTAFSTLNVLPPAQL
7PLI:J:ADP500	7PLI	inserted	PHE4	F	49.0	Q	7.91	4.16	-0.55	9	1	---------TAFSTLNVLPPAQL
7PLI:I:ADP500	7PLI	inserted	PHE4	F	49.0	Q	7.75	4.02	-0.96	10	1	----------AFSTLNVLPPAQL
7PLI:F:ADP500	7PLI	inserted	PHE4	F	49.0	Q	7.92	4.2	-0.54	9	1	---------TAFSTLNVLPPAQL
7PMM:A:ADP500	7PMM	inserted	PHE4	F	49.0	Q	7.86	4.16	-0.45	8	1	--------MTAFSTLNVLPPAQL
7PMM:B:ADP500	7PMM	inserted	PHE4	F	49.0	Q	7.74	3.84	-0.74	7	1	-------GMTAFSTLNVLPPAQL
7PMQ:C:ADP500	7PMQ	inserted	PHE4	F	49.0	Q	7.75	3.98	-0.57	7	1	-------GMTAFSTLNVLPPAQL
7PMQ:A:ADP500	7PMQ	inserted	PHE4	F	49.0	Q	7.39	3.54	-0.83	7	1	-------GMTAFSTLNVLPPAQL
7PMQ:B:ADP500	7PMQ	inserted	PHE4	F	49.0	Q	8.7	4.82	0.32	8	1	--------MTAFSTLNVLPPAQL
7PMQ:D:ADP500	7PMQ	inserted	PHE4	F	49.0	Q	8.28	4.46	1.36	10	1	----------AFSTLNVLPPAQL
7R7J:A:ADP601	7R7J	not_modelled				walkerK				23	0	-----------------------
7R7J:B:ADP601	7R7J	not_modelled				walkerK				23	0	-----------------------
7TO2:A:ADP1003	7TO2	not_modelled				Q				23	0	-----------------------
7VDT:A:ADP1703	7VDT	displaced	HIS736	H	49.0	walkerK	25.11	20.82	0.86	6	3	------YYAVAHAVTERVDKQSA
7VDV:A:ADP1703	7VDV	displaced	HIS736	H	49.0	walkerK	25.42	20.53	0.68	6	3	------YYAVAHAVTERVDKQSA
7W0C:A:ADP1802	7W0C	not_modelled				Q				23	0	-----------------------
7W0D:A:ADP1802	7W0D	not_modelled				Q				23	0	-----------------------
7W0D:F:ADP1802	7W0D	not_modelled				Q				23	0	-----------------------
7W0E:A:ADP1804	7W0E	not_modelled				Q				23	0	-----------------------
7X3T:V:ADP1201	7X3T	displaced	PHE185	F	42.0	walkerK	20.42	13.51	1.06	17	1	-----------------QFRESP
7X3W:K:ADP1201	7X3W	displaced	PHE185	F	42.0	walkerK	21.24	14.1	0.52	17	1	-----------------QFRESP
7Y8R:I:ADP1701	7Y8R	displaced	HIS736	H	45.0	Q	25.07	21.26	0.38	9	3	---------SYYAVAHAVTERVD
7ZI4:G:ADP1601	7ZI4	not_modelled				walkerK				23	0	-----------------------
7ZNJ:A:ANP502	7ZNJ	inserted	PHE40	F	48.0	Q	8.01	4.12	-1.36	0	2	FETSEEVDVTPTFDTMGLREDLL
7ZNJ:a:ANP502	7ZNJ	inserted	PHE40	F	48.0	Q	7.98	4.13	-1.42	0	2	FETSEEVDVTPTFDTMGLREDLL
7ZNJ:F:ANP502	7ZNJ	inserted	PHE40	F	48.0	Q	7.94	4.0	-1.4	0	2	FETSEEVDVTPTFDTMGLREDLL
7ZNJ:f:ANP502	7ZNJ	inserted	PHE40	F	48.0	Q	7.93	4.05	-1.36	0	2	FETSEEVDVTPTFDTMGLREDLL
7ZNJ:K:ANP502	7ZNJ	inserted	PHE40	F	48.0	Q	7.93	4.06	-1.32	0	2	FETSEEVDVTPTFDTMGLREDLL
7ZNJ:k:ANP502	7ZNJ	inserted	PHE40	F	48.0	Q	7.93	4.08	-1.29	0	2	FETSEEVDVTPTFDTMGLREDLL
8ARP:A:ADP2001	8ARP	inserted	PHE115	F	48.0	Q	7.94	3.92	-0.45	0	4	ISGHDIPKPITTFDEAGFPDYVL
8ARP:B:ADP2001	8ARP	inserted	PHE115	F	48.0	Q	7.57	3.49	5.18	0	4	ISGHDIPKPITTFDEAGFPDYVL
8ARP:C:ADP2001	8ARP	inserted	PHE115	F	48.0	walkerK	7.72	3.4	-0.2	0	4	ISGHDIPKPITTFDEAGFPDYVL
8ARP:D:ADP2001	8ARP	inserted	PHE115	F	48.0	Q	7.65	3.79	-0.69	0	4	ISGHDIPKPITTFDEAGFPDYVL
8ARP:E:ADP2001	8ARP	inserted	PHE115	F	48.0	Q	8.11	4.02	0.36	0	4	ISGHDIPKPITTFDEAGFPDYVL
8ARP:F:ADP2001	8ARP	inserted	PHE115	F	48.0	Q	7.47	3.87	-0.57	0	4	ISGHDIPKPITTFDEAGFPDYVL
8B9G:A:ADP1201	8B9G	displaced	TYR374	Y	39.0	walkerK	15.97	13.73	0.88	0	2	IDDLSMDYERSLRDRRQNDNEYR
8B9I:A:ADP1201	8B9I	displaced	TYR374	Y	39.0	walkerK	16.05	14.23	0.03	0	2	IDDLSMDYERSLRDRRQNDNEYR
8B9J:A:ADP1201	8B9J	displaced	TYR374	Y	39.0	walkerK	17.3	15.1	1.21	0	2	IDDLSMDYERSLRDRRQNDNEYR
8B9K:A:ADP1201	8B9K	displaced	TYR374	Y	39.0	walkerK	14.4	12.4	0.21	0	2	IDDLSMDYERSLRDRRQNDNEYR
8C6J:7:ATP502	8C6J	inserted	PHE40	F	48.0	Q	7.95	4.88	-0.96	0	2	FETSEEVDVTPTFDTMGLREDLL
8CNT:A:ADP1002	8CNT	not_modelled				walkerK				23	0	-----------------------
8DVS:A:ADP1003	8DVS	not_modelled				Q				23	0	-----------------------
8DVU:A:ADP1003	8DVU	not_modelled				Q				23	0	-----------------------
8EJM:A:ADP801	8EJM	displaced	TYR127	Y	39.0	walkerK	15.18	12.12	-0.37	4	4	----SNMQCINPFTNLPHTPRYY
8ENK:A:ADP1000	8ENK	inserted	PHE47	F	48.0	Q	7.57	3.96	1.03	11	2	-----------GFRDFLLKPELL
8ENK:B:ADP1000	8ENK	inserted	PHE47	F	48.0	Q	7.62	3.91	-0.65	9	2	---------SSGFRDFLLKPELL
8FKV:NI:ADP1001	8FKV	inserted	PHE98	F	48.0	Q	7.9	3.98	1.01	10	3	----------GGFQSMGLSYPVF
8FKW:NI:ADP1001	8FKW	inserted	PHE98	F	48.0	Q	7.81	3.7	0.74	10	3	----------GGFQSMGLSYPVF
8FKX:NI:ADP901	8FKX	inserted	PHE98	F	48.0	Q	7.9	3.74	0.4	10	3	----------GGFQSMGLSYPVF
8FKY:NI:ADP901	8FKY	inserted	PHE98	F	48.0	Q	7.9	3.76	0.33	10	3	----------GGFQSMGLSYPVF
8H5Y:B:ADP602	8H5Y	not_modelled				walkerK				23	0	-----------------------
8H5Y:A:ADP602	8H5Y	not_modelled				walkerK				23	0	-----------------------
8H5Z:B:AGS601	8H5Z	not_modelled				walkerK				23	0	-----------------------
8H5Z:A:AGS601	8H5Z	not_modelled				walkerK				23	0	-----------------------
8I9Z:CW:ADP1001	8I9Z	inserted	TRP15	W	50.0	Q	8.24	4.1	-1.28	9	3	---------SWTAFNPPLPQWIL
8IA0:CW:ADP1001	8IA0	inserted	TRP15	W	50.0	Q	7.92	3.81	-1.62	9	3	---------SWTAFNPPLPQWIL
8KCB:K:ADP902	8KCB	not_modelled				Q				15	0	---------------ETVIKLQN
8KCC:K:ADP801	8KCC	not_modelled				Q				14	0	--------------EETVIKLQN
8PFP:A:AGS2002	8PFP	displaced	PHE527	F	49.0	Q	19.34	13.56	0.4	9	2	---------KDFLWPAPNEEQVT
8PJB:A:ADP1201	8PJB	displaced	TYR374	Y	39.0	walkerK	16.61	14.02	0.08	0	2	IDDLSMDYERSLRDRRQNDNEYR
8PO7:A:ADP2001	8PO7	displaced	PHE47	F	59.0	walkerK	52.02	46.34	-0.63	0	1	IFQEMAKEIDQAAGKVLLREAAR
8PO7:B:ADP2001	8PO7	absent				walkerK				5	0	-----AKEIDQAAGKVLLREAAR
8PO8:A:ADP2001	8PO8	displaced	PHE47	F	59.0	walkerK	52.13	46.39	-0.4	0	1	IFQEMAKEIDQAAGKVLLREAAR
8PO8:B:ADP2001	8PO8	displaced	PHE47	F	59.0	walkerK	51.63	46.54	2.0	0	1	IFQEMAKEIDQAAGKVLLREAAR
8QCF:M:ATP1101	8QCF	displaced	PHE315	F	42.0	Q	14.64	11.31	0.65	10	3	----EWAHVVD------NFDELI
8QKU:M:ADP1601	8QKU	not_modelled				walkerK				15	0	---------------SVVDVPVP
8QKV:M:ADP1601	8QKV	not_modelled				walkerK				15	0	---------------SVVDVPVP
8QYC:A:AGS1101	8QYC	not_modelled				Q				19	0	-------------------AEPE
8QYV:M:ADP1601	8QYV	not_modelled				walkerK				14	0	--------------LSVVDVPVP
8QZ0:M:ADP1601	8QZ0	absent				walkerK				0	0	DVEEDAETKVQEEQLSVVDVPVP
8R7K:H:ANP1000	8R7K	displaced	PHE47	F	48.0	walkerK	8.4	5.69	-1.4	4	4	----YVSIHSSGFRDFLLKPELL
8RDY:A:ADP1201	8RDY	displaced	TYR83	Y	39.0	walkerK	15.2	11.87	1.01	0	3	EAQKLEDGKINPFTGREFTPKYV
8SKZ:A:ADP901	8SKZ	absent				walkerK				6	0	------DLTEEETVIKLQNELCP
8SP4:A:AGS1001	8SP4	displaced	PHE140	F	41.0	Q	26.88	22.53	1.46	0	4	DRMDRFALRYRARKYSSEQFRMP
8SPG:A:ADP1001	8SPG	displaced	PHE140	F	41.0	Q	25.73	22.46	2.35	0	4	DRMDRFALRYRARKYSSEQFRMP
8SSW:A:ADP701	8SSW	inserted	PHE182	F	48.0	Q	7.88	3.7	0.0	0	2	ATGNNCPPHIESFSDVEMGEIIM
8SSW:B:ADP701	8SSW	inserted	PHE182	F	48.0	Q	7.79	3.6	-0.16	0	2	ATGNNCPPHIESFSDVEMGEIIM
8SZP:A:ADP1301	8SZP	displaced	HIS376	H	41.0	walkerK	23.2	17.08	0.59	0	2	PEQISMDLKNELMYQLEQDHDLQ
8SZP:B:ADP1301	8SZP	displaced	HIS376	H	41.0	walkerK	22.93	16.88	1.96	0	2	PEQISMDLKNELMYQLEQDHDLQ
8SZR:A:ADP1301	8SZR	displaced	HIS377	H	41.0	walkerK	24.02	17.93	1.02	0	2	PEQISMDLKNELMYQLEQDHDLP
8T0L:F:ADP1000	8T0L	displaced	PHE140	F	41.0	Q	28.25	24.18	0.33	0	4	DRMDRFALRYRARKYSSEQFRMP
8T5S:A:ADP1103	8T5S	not_modelled				Q				23	0	-----------------------
8TBX:A:ADP701	8TBX	inserted	PHE4	F	48.0	Q	8.16	4.16	-0.41	8	1	--------GMAAFSEMGVMPEIA
8V4Y:W:ADP1101	8V4Y	not_modelled				walkerK				23	0	-----------------------
8V6V:W:ADP1101	8V6V	not_modelled				walkerK				23	0	-----------------------
8V6V:X:ADP1101	8V6V	not_modelled				walkerK				23	0	-----------------------
8V7L:W:ADP1101	8V7L	not_modelled				walkerK				23	0	-----------------------
8V87:3:ADP1000	8V87	displaced	PHE139	F	48.0	walkerK	12.22	8.43	2.32	10	2	----------GSFPSFGLSKIVL
8WH9:K:ADP802	8WH9	not_modelled				Q				23	0	-----------------------
8WHA:K:ADP802	8WHA	not_modelled				Q				23	0	-----------------------
8WHA:L:ADP802	8WHA	not_modelled				Q				23	0	-----------------------
8X19:I:ADP3301	8X19	not_modelled				walkerK				19	0	-------------------TPIP
8X1C:I:ADP3301	8X1C	not_modelled				walkerK				19	0	-------------------TPIP
8YIH:A:ADP1802	8YIH	not_modelled				Q				23	0	-----------------------
8YII:A:ADP1801	8YII	not_modelled				Q				23	0	-----------------------
8YLE:A:ACP501	8YLE	displaced	TRP12	W	47.0	Q	17.97	15.04	0.15	10	2	----------DFLWPAPNEEQVT
9ASJ:A:ANP901	9ASJ	displaced	TRP74	W	45.0	Q	13.46	9.83	1.97	9	1	---------KLLLANWGLPKAVL
9ASJ:B:ANP901	9ASJ	displaced	TRP74	W	45.0	Q	13.46	9.83	1.97	9	1	---------KLLLANWGLPKAVL
9AVR:A:ANP501	9AVR	inserted	PHE34	F	48.0	Q	7.88	4.02	-0.24	8	1	--------IVDSFDDMNLSESLL
9AYQ:A:ADP1401	9AYQ	displaced	HIS706	H	49.0	walkerK	36.61	29.64	2.54	11	1	-----------HAISERVEKQSA
9AYQ:B:ADP1401	9AYQ	displaced	HIS706	H	49.0	walkerK	33.58	29.46	1.8	11	1	-----------HAISERVEKQSA
9B1D:A:AGS1601	9B1D	not_modelled				walkerK				15	0	---------------SVVDVPVP
9B1E:A:ADP1601	9B1E	not_modelled				Q				19	0	-------------------SVVD
9C57:G:AGS3201	9C57	displaced	PHE1081	F	41.0	walkerK	17.23	14.42	0.56	0	1	AVAEAILPKGSARVTTSVKFNAP
9CA7:A:AGS3301	9CA7	not_modelled				walkerK				15	0	---------------TQVKTPIP
9CA8:A:AGS3301	9CA8	not_modelled				walkerK				15	0	---------------TQVKTPIP
9CAB:A:AGS3301	9CAB	not_modelled				walkerK				15	0	---------------TQVKTPIP
9DLP:D:ADP501	9DLP	inserted	PHE47	F	48.0	Q	6.97	3.57	-1.01	3	4	---SYVSIHSSGFRDFLLKPELL
9DTS:A:ANP502	9DTS	inserted	PHE34	F	48.0	Q	7.76	2.35	-0.2	7	1	-------EIVDSFDDMNLSESLL
9DTS:B:ANP502	9DTS	inserted	PHE34	F	48.0	Q	7.9	2.46	-1.03	4	2	----NWNEIVDSFDDMNLSESLL
9DTS:C:ANP502	9DTS	inserted	PHE34	F	48.0	Q	7.96	2.85	-0.11	7	1	-------EIVDSFDDMNLSESLL
9DTS:D:ANP502	9DTS	inserted	PHE34	F	48.0	Q	7.89	2.54	-1.04	4	2	----NWNEIVDSFDDMNLSESLL
9E1L:W:ATP1101	9E1L	displaced	PHE168	F	43.0	walkerK	17.19	15.66	0.89	15	1	---------------TRFEDSPS
9E1M:W:ATP1101	9E1M	displaced	PHE168	F	43.0	walkerK	17.35	15.47	0.91	15	1	---------------TRFEDSPS
9E1N:W:ATP1101	9E1N	displaced	PHE168	F	43.0	walkerK	15.18	12.8	0.88	15	1	---------------TRFEDSPS
9E1P:W:ADP1101	9E1P	displaced	PHE168	F	43.0	walkerK	18.11	14.95	1.59	15	1	---------------TRFEDSPS
9E1R:W:ADP1101	9E1R	displaced	PHE168	F	43.0	walkerK	18.49	16.22	2.18	15	1	---------------TRFEDSPS
9EAR:W:ADP1501	9EAR	displaced	TYR472	Y	40.0	walkerK	16.6	12.15	-0.28	0	2	KDCKVLKQRPRFVALKKQPSYIG
9EI3:U:ANP1000	9EI3	not_modelled				Q				14	0	--------------DPERRVRST
9EI4:U:ADP1000	9EI4	not_modelled				walkerK				17	0	-----------------RVRSTL
9F1U:A:ADP1101	9F1U	not_modelled				Q				23	0	-----------------------
9F20:A:ADP1101	9F20	not_modelled				walkerK				23	0	-----------------------
9F2L:A:ADP1102	9F2L	not_modelled				walkerK				23	0	-----------------------
9F2W:A:ATP1102	9F2W	not_modelled				walkerK				23	0	-----------------------
9FBW:M:ADP1601	9FBW	not_modelled				walkerK				15	0	---------------SVVDVPVP
9GCG:G:ADP1601	9GCG	not_modelled				walkerK				23	0	-----------------------
9GD1:W:ADP1501	9GD1	displaced	PHE361	F	46.0	walkerK	22.1	18.38	-0.81	0	3	LPQYSSNYTSQRPRFEKLSVQPP
9GD2:W:ADP1501	9GD2	displaced	PHE361	F	46.0	walkerK	20.62	16.83	0.26	0	3	LPQYSSNYTSQRPRFEKLSVQPP
9GD3:W:ADP1501	9GD3	displaced	PHE361	F	46.0	walkerK	21.27	17.41	-0.66	0	3	LPQYSSNYTSQRPRFEKLSVQPP
9GEV:G:ADP1601	9GEV	not_modelled				walkerK				23	0	-----------------------
9GFB:G:ADP1601	9GFB	not_modelled				walkerK				23	0	-----------------------
9I16:D:ADP1002	9I16	displaced	TRP75	W	44.0	Q	19.97	15.21	0.24	3	3	---DSSPASWNKEDFPWSGKVKD
9I22:A:ADP1002	9I22	displaced	TRP75	W	44.0	Q	19.57	15.31	0.69	3	3	---DSSPAAWNKEDFPWSGKVKD
9I22:B:ADP603	9I22	displaced	TRP75	W	44.0	Q	19.5	15.14	-0.33	3	3	---DSSPAAWNKEDFPWSGKVKD
9I23:A:ADP1002	9I23	displaced	TRP75	W	44.0	Q	20.02	15.78	1.09	3	3	---DSSPAAWNKEDFPWSGKVKD
9I23:B:ADP1002	9I23	displaced	TRP75	W	44.0	Q	19.42	15.09	-0.22	3	3	---DSSPAAWNKEDFPWSGKVKD
9JAO:C:ADP1101	9JAO	displaced	TRP483	W	45.0	walkerK	26.67	18.23	0.73	0	1	KLTKQVTMLTGNGGGWNIEQPSI
9JNP:K:ATP1201	9JNP	displaced	PHE185	F	42.0	walkerK	16.24	12.78	1.12	15	2	---------------EFQFRESP
9JNT:K:ADP1202	9JNT	displaced	PHE185	F	42.0	walkerK	15.88	12.96	0.47	14	2	--------------IEFQFRESP
9JNU:K:ADP1202	9JNU	displaced	PHE185	F	42.0	walkerK	16.42	13.54	0.72	12	2	------------ESIEFQFRESP
9JNV:K:ADP1202	9JNV	displaced	PHE185	F	42.0	walkerK	16.48	13.81	0.88	12	2	------------ESIEFQFRESP
9JNW:K:ADP1202	9JNW	displaced	PHE185	F	42.0	walkerK	16.95	13.29	1.18	12	2	------------ESIEFQFRESP
9JNX:K:ADP1202	9JNX	displaced	PHE185	F	42.0	walkerK	16.17	12.99	0.66	14	2	--------------IEFQFRESP
9JO5:K:ADP1202	9JO5	displaced	PHE185	F	42.0	walkerK	15.78	12.64	-0.61	16	2	----------------FQFRESP
9L06:K:ADP2601	9L06	displaced	HIS1553	H	47.0	walkerK	18.22	12.64	-0.52	0	1	DEDEETKEPLVQVHRNMVIKLKP
9LIU:K:ATP1202	9LIU	displaced	PHE185	F	42.0	walkerK	16.43	12.54	1.04	15	2	---------------EFQFRESP
9LIU:N:ATP1202	9LIU	displaced	PHE185	F	42.0	walkerK	16.7	12.72	0.73	15	2	---------------EFQFRESP
9LJ2:K:ADP1202	9LJ2	displaced	PHE185	F	42.0	walkerK	17.09	13.35	0.9	12	2	------------ESIEFQFRESP
9LJ2:N:ADP1202	9LJ2	displaced	PHE185	F	42.0	walkerK	18.15	12.83	0.59	17	1	-----------------QFRESP
9LOV:A:ADP701	9LOV	not_modelled				Q				23	0	-----------------------
9LOV:B:ADP1101	9LOV	not_modelled				Q				23	0	-----------------------
9LOV:C:ADP1101	9LOV	not_modelled				Q				23	0	-----------------------
9MFO:A:ADP1202	9MFO	displaced	HIS376	H	41.0	walkerK	22.82	17.02	0.82	0	2	PEQISMDLKNELMYQLEQDHDLQ
9MFT:A:ADP1202	9MFT	displaced	HIS376	H	41.0	walkerK	22.79	16.76	0.73	0	2	PEQISMDLKNELMYQLEQDHDLQ
9MJS:A:ANP1002	9MJS	not_modelled				Q				14	0	--------------PAPNEEQVT
9N07:A:ADP1201	9N07	displaced	PHE593	F	41.0	walkerK	15.28	11.73	1.07	0	5	QRAAKEGFAFKHDREQYQLFCDS
9N74:NS:ADP1301	9N74	not_modelled				walkerK				17	0	-----------------EVSRSD
9NFV:A:ATP3301	9NFV	not_modelled				walkerK				15	0	---------------TQVKTPIP
9NFW:A:ATP3301	9NFW	not_modelled				walkerK				15	0	---------------TQVKTPIP
9NFX:A:AGS3301	9NFX	not_modelled				walkerK				15	0	---------------TQVKTPIP
9NFY:A:AGS3301	9NFY	not_modelled				walkerK				15	0	---------------TQVKTPIP
9NFZ:A:AGS3301	9NFZ	not_modelled				walkerK				15	0	---------------TQVKTPIP
9NG0:A:AGS3301	9NG0	not_modelled				walkerK				15	0	---------------TQVKTPIP
9PGC:A:AGS3301	9PGC	not_modelled				walkerK				15	0	---------------TQVKTPIP
9Q5W:C:ATP1101	9Q5W	not_modelled				Q				23	0	-----------------------
9Q5W:I:ATP1101	9Q5W	not_modelled				Q				23	0	-----------------------
9Q60:C:ATP1103	9Q60	not_modelled				Q				23	0	-----------------------
9RTI:A:AGS1001	9RTI	displaced	TRP529	W	47.0	Q	17.9	15.1	3.32	13	1	-------------WPAPNEEQVT
9RUR:A:AGS1001	9RUR	displaced	TRP529	W	47.0	Q	17.89	15.1	2.26	13	1	-------------WPAPNEEQVT
9RUR:A:ADP1007	9RUR	displaced	TRP529	W	47.0	Q	18.1	15.11	2.26	13	1	-------------WPAPNEEQVT
9RUR:B:AGS1001	9RUR	not_modelled				Q				14	0	--------------PAPNEEQVT
9RUS:A:AGS1001	9RUS	not_modelled				Q				14	0	--------------PAPNEEQVT
9RUS:A:ADP1006	9RUS	not_modelled				Q				14	0	--------------PAPNEEQVT
9RUS:B:AGS1001	9RUS	not_modelled				Q				14	0	--------------PAPNEEQVT
9RUS:B:ADP1003	9RUS	not_modelled				walkerK				13	0	-------------PAPNEEQVTC
9RV1:H:ANP501	9RV1	inserted	PHE47	F	48.0	Q	7.02	3.54	-0.91	3	4	---SYVSIHSSGFRDFLLKPELL
9S19:A:AGS1002	9S19	not_modelled				Q				14	0	--------------PAPNEEQVT
9S19:B:AGS1006	9S19	displaced	TRP529	W	47.0	Q	23.59	18.22	0.15	9	2	---------KDFLWPAPNEEQVT
9T6N:B:ADP501	9T6N	inserted	PHE47	F	48.0	Q	7.7	4.19	-0.86	8	3	--------HSSGFRDFLLKPELL
9T99:A:ADP1102	9T99	not_modelled				Q				23	0	-----------------------
9UPB:D:ANP501	9UPB	inserted	PHE47	F	48.0	Q	7.63	4.73	-1.48	1	4	-KGSYVSIHSSGFRDFLLKPELL
9UU7:A:ADP401	9UU7	inserted	PHE128	F	50.0	Q	7.15	3.47	0.67	8	1	--------GSFADLGLEPRVLHA
9UX9:K:ADP1703	9UX9	displaced	HIS737	H	49.0	walkerK	25.29	21.27	1.53	8	1	--------AVAHAVTERVDKQSA
9VCU:A:ADP801	9VCU	displaced	PHE170	F	43.0	walkerK	60.23	51.67	1.07	0	6	AHADDLFPFFLRHAKQIFPVLDC
9VD0:A:ANP801	9VD0	displaced	PHE170	F	43.0	walkerK	62.24	47.88	1.4	0	6	AHADDLFPFFLRHAKQIFPVLDC
9VD1:B:ANP801	9VD1	displaced	PHE170	F	43.0	walkerK	59.17	48.61	-0.31	0	6	AHADDLFPFFLRHAKQIFPVLDC
9WM1:A:ADP801	9WM1	displaced	PHE246	F	50.0	Q	35.96	27.57	-0.86	0	2	MLALRAGAQRFHAQPLSANDTLK
9WM1:F:ADP801	9WM1	displaced	PHE246	F	50.0	Q	35.92	27.89	-1.29	0	2	MLALRAGAQRFHAQPLSANDTLK
9WM1:K:ADP801	9WM1	displaced	PHE246	F	56.0	walkerK	36.06	27.73	-1.25	0	2	GAQRFHAQPLSANDTLKNKLLAA
9WM1:P:ADP801	9WM1	displaced	PHE246	F	50.0	Q	35.81	27.55	-1.27	0	2	MLALRAGAQRFHAQPLSANDTLK
9WM2:A:ADP801	9WM2	displaced	HIS247	H	49.0	Q	36.91	28.02	0.94	0	2	MLALRAGAQRFHAQPLSANDTLK
9XTT:C:ADP2202	9XTT	displaced	PHE1317	F	38.0	Q	19.29	13.13	1.71	0	2	YPPPTELLDLQPLPVSALRNSAF
9XU3:C:ADP2202	9XU3	displaced	PHE1317	F	39.0	walkerK	19.91	13.26	0.21	0	1	PPPTELLDLQPLPVSALRNSAFE
9Y3D:A:AGS3301	9Y3D	not_modelled				walkerK				15	0	---------------TQVKTPIP
9Y3F:A:ATP3301	9Y3F	not_modelled				walkerK				15	0	---------------TQVKTPIP
9Y3G:A:ATP3301	9Y3G	not_modelled				walkerK				15	0	---------------TQVKTPIP
9Y4J:A:ANP1101	9Y4J	not_modelled				Q				23	0	-----------------------
9Y4L:A:ANP1101	9Y4L	not_modelled				Q				23	0	-----------------------
9Y4L:G:ANP1101	9Y4L	not_modelled				Q				23	0	-----------------------
