acc	resnum	aa	q_offset	n6_centroid	n6_closest_atom	n6_closest	approach_angle	to_qarom	rsasa	plddt	inserted	subfamily
A0AAD3H728	402	F	25	4.83	CZ	3.54	84.6		0.04	93.4	True	DDX46/PRP5
A0A9P8Q4K4	256	F	23	9.84	CE2	8.63	76.1	11.84	0.0	84.1	False	DDX46/PRP5
A0A9P8Q4K4	254	Y	25	14.25	CD2	13.67	29.2	13.61	0.532	84.4	False	DDX46/PRP5
A0A9P8Q4K4	253	F	26	6.39	CZ	5.09	74.3	6.81	0.0	83.7	False	DDX46/PRP5
A0A8H4IXG8	528	F	25	4.87	CZ	3.52	80.7	7.16	0.059	94.2	True	DDX46/PRP5
A0A2I0AJE8	436	F	25	4.8	CZ	3.59	89.3	5.74	0.034	74.9	True	DDX46/PRP5
A0A2I0AJE8	435	W	26	10.95	CE3	10.44	28.0	13.2	0.444	73.9	False	DDX46/PRP5
A0A2R6NSJ6	43	F	27	5.47	CZ	4.11	76.7		0.044	89.6	True	DDX46/PRP5
A0A448YV18	471	F	25	5.01	CZ	3.7	87.1		0.029	91.9	True	DDX46/PRP5
L1LBU7	348	F	25	4.88	CZ	3.59	82.4	6.98	0.045	92.7	True	DDX46/PRP5
L1LBU7	346	Y	27	13.62	CG	12.47	70.3	17.62	0.341	92.7	False	DDX46/PRP5
Q2HAD8	431	W	25	4.98	CZ2	3.4	77.0	6.82	0.087	94.4	True	DDX46/PRP5
Q6BML1	318	W	26	4.99	CZ2	3.37	79.1	7.14	0.025	94.1	True	DDX46/PRP5
Q4TVV3	342	W	25	4.91	CZ2	3.27	81.5	6.63	0.037	93.9	True	DDX46/PRP5
Q6CKI1	247	W	26	5.26	CZ2	3.67	78.9	6.81	0.058	88.4	True	DDX46/PRP5
Q62780	374	W	25	5.09	CZ2	3.42	84.1	6.83	0.055	93.8	True	DDX46/PRP5
Q4PFD9	478	W	25	4.98	CZ2	3.37	77.7	6.7	0.075	92.4	True	DDX46/PRP5
A6RW79	556	W	25	5.05	CZ2	3.45	77.1	6.84	0.075	93.5	True	DDX46/PRP5
Q6CCZ1	380	W	25	5.09	CZ2	3.47	81.3	7.24	0.041	93.8	True	DDX46/PRP5
A0A8E0RJX8	355	W	25	5.15	CZ2	3.6	77.4	7.34	0.037	92.9	True	DDX46/PRP5
A0AAD8AMG3	201	W	25	4.97	CZ2	3.34	81.5	7.03	0.059	94.4	True	DDX46/PRP5
A0A397JMH7	408	W	25	5.08	CZ2	3.45	79.8	6.82	0.07	95.2	True	DDX46/PRP5
A0A507QNH6	568	W	25	5.17	CZ2	3.6	81.1	6.74	0.075	92.0	True	DDX46/PRP5
A0A852HXH7	378	W	25	5.07	CZ2	3.44	80.9	6.85	0.059	92.4	True	DDX46/PRP5
A0A5N5GF68	431	W	25	4.99	CZ2	3.39	81.5	7.09	0.063	93.2	True	DDX46/PRP5
A0A8J4CGR1	77	W	25	5.08	CZ2	3.47	77.6	6.97	0.08	94.4	True	DDX46/PRP5
A0A074SZZ0	469	W	25	5.07	CZ2	3.45	78.6	6.57	0.092	92.8	True	DDX46/PRP5
A0A9P6NAV9	267	F	22	9.05	CE2	7.7	86.8	12.04	0.009	93.6	False	DDX46/PRP5
A0A9P6NAV9	266	W	23	14.49	CE3	13.58	41.8	17.82	0.126	94.8	False	DDX46/PRP5
A0A9P6NAV9	264	W	25	4.9	CZ2	3.24	79.1	6.82	0.084	95.3	True	DDX46/PRP5
T0RTC8	452	W	25	4.95	CZ2	3.36	80.1	7.12	0.08	93.2	True	DDX46/PRP5
A0A7I4E2Q9	517	W	25	5.07	CZ2	3.53	79.5	6.99	0.063	90.9	True	DDX46/PRP5
A0A6A6BR42	368	W	25	5.06	CZ2	3.5	79.3	7.11	0.067	94.8	True	DDX46/PRP5
A0AAV6TY08	355	W	25	5.02	CZ2	3.45	80.0	6.85	0.075	92.1	True	DDX46/PRP5
I4YAL6	343	W	25	5.1	CZ2	3.46	82.0	6.86	0.07	94.2	True	DDX46/PRP5
A0A1Y1V0L0	141	F	23	9.41	CE2	8.16	69.6	12.03	0.028	90.4	False	DDX46/PRP5
A0A1Y1V0L0	138	W	26	5.04	CZ2	3.39	82.5	6.82	0.087	93.6	True	DDX46/PRP5
A0A8T2J740	370	W	25	5.05	CZ2	3.41	80.8	6.93	0.055	92.2	True	DDX46/PRP5
A0A1R2B2Z6	258	Y	24	13.93	CD1	13.08	40.5	16.28	0.515	90.0	False	DDX46/PRP5
A0A1R2B2Z6	257	W	25	4.98	CZ2	3.39	80.9	7.27	0.054	93.7	True	DDX46/PRP5
A0AAW1PMA9	590	W	24	13.22	CZ3	12.07	40.3	15.1	0.56	89.0	False	DDX46/PRP5
A0AAW1PMA9	589	W	25	5.02	CZ2	3.42	79.2	6.79	0.047	92.8	True	DDX46/PRP5
A0AAW1PMA9	588	F	26	12.1	CD1	10.9	61.0	15.3	0.377	92.4	False	DDX46/PRP5
A0AAV4E3K7	340	W	25	4.98	CZ2	3.41	77.8	7.0	0.046	94.2	True	DDX46/PRP5
A0A7M4FXN1	342	W	25	5.11	CZ2	3.47	84.2	6.74	0.042	91.7	True	DDX46/PRP5
F0ZSP5	29	W	25	5.17	CZ2	3.56	80.7	7.36	0.075	95.2	True	DDX46/PRP5
A0A1E4TR64	96	F	25	5.2	CZ	3.98	85.7	7.49	0.015	92.1	True	DDX23/PRP28
A0A1E7FI79	44	F	27	5.25	CZ	4.03	88.3	5.86	0.055	93.0	True	DDX23/PRP28
A0A1E7FI79	43	Y	28	11.59	CD1	10.49	54.0	13.08	0.269	92.1	False	DDX23/PRP28
A0A8J4XZZ5	135	F	25	4.88	CZ	3.52	83.0		0.0	93.2	True	DDX23/PRP28
A0AA39MCZ3	149	F	25	5.65	CZ	4.3	84.9		0.024	88.0	True	DDX23/PRP28
A0A2J7PS80	122	F	25	4.94	CZ	3.63	82.8		0.015	90.6	True	DDX23/PRP28
A0A0M9FWT3	108	F	25	5.66	CZ	4.36	83.9		0.049	90.2	True	DDX23/PRP28
A0A6A6JDC7	190	F	25	4.57	CZ	3.34	75.5	7.2	0.02	88.0	True	DDX23/PRP28
A5DF03	152	W	25	5.31	CZ2	3.79	82.8	7.38	0.055	95.4	True	DDX23/PRP28
Q9BUQ8	393	W	25	5.69	CZ2	4.28	82.0	7.53	0.067	95.6	True	DDX23/PRP28
A6RJA2	382	W	25	5.56	CZ2	4.03	81.2	7.04	0.037	93.3	True	DDX23/PRP28
Q2HEB0	271	W	25	5.44	CZ2	3.92	84.6	6.97	0.101	92.2	True	DDX23/PRP28
A0A4V0KB21	517	W	25	5.38	CZ2	3.83	84.2	6.95	0.054	90.9	True	DDX23/PRP28
A0A7L1XHL4	173	W	25	5.71	CZ2	4.31	83.9	7.45	0.084	96.9	True	DDX23/PRP28
A0A665T888	319	Y	22	13.88	CD1	13.28	32.0	15.87	0.205	91.6	False	DDX23/PRP28
A0A665T888	316	W	25	5.82	CZ2	4.42	83.5	7.57	0.059	94.8	True	DDX23/PRP28
M2MYS1	343	W	25	5.48	CZ2	3.94	81.5	6.98	0.088	93.3	True	DDX23/PRP28
A0A7J7JSD7	386	W	25	5.7	CZ2	4.24	81.5	7.17	0.046	93.1	True	DDX23/PRP28
A0AAD8JQ90	286	W	25	5.4	CZ2	3.88	85.2	6.79	0.084	93.8	True	DDX23/PRP28
A0A8X6PKR4	417	W	25	5.58	CZ2	4.22	82.2	7.68	0.067	93.4	True	DDX23/PRP28
A0ABD0L455	343	W	25	5.63	CZ2	4.16	83.3	7.28	0.071	92.8	True	DDX23/PRP28
A0ABD0L455	342	Y	26	12.49	CD1	11.24	64.4	15.67	0.326	92.6	False	DDX23/PRP28
A0A1E3PQ74	143	W	25	5.58	CZ2	4.09	83.6	7.09	0.084	95.2	True	DDX23/PRP28
A0A1E3PQ74	142	Y	26	12.5	CD1	11.24	65.5	15.56	0.286	94.4	False	DDX23/PRP28
A0A087SAU3	280	F	20	11.19	CE2	9.96	64.3	10.78	0.106	91.8	False	DDX23/PRP28
A0A087SAU3	275	W	25	5.4	CZ2	3.86	82.8	6.69	0.148	92.4	True	DDX23/PRP28
A0A165H4G0	329	W	25	5.48	CZ2	3.96	84.3	7.1	0.088	92.8	True	DDX23/PRP28
A0A4V1IWZ5	162	W	25	5.49	CZ2	4.03	85.7	6.96	0.058	94.2	True	DDX23/PRP28
A0A0W4ZGH6	410	W	25	5.47	CZ2	3.98	81.4	6.91	0.067	94.9	True	DDX23/PRP28
D8T5B6	187	W	25	5.35	CZ2	3.78	82.0	6.67	0.033	93.9	True	DDX23/PRP28
A0AAE9IMN0	310	F	20	11.03	CE2	9.68	82.8	10.87	0.091	91.9	False	DDX23/PRP28
A0AAE9IMN0	305	W	25	5.49	CZ2	4.01	84.5	6.9	0.054	93.3	True	DDX23/PRP28
V5EX56	262	W	25	5.42	CZ2	3.89	86.3	7.01	0.072	92.2	True	DDX23/PRP28
A0A8J4XV95	431	W	25	5.61	CZ2	4.22	81.5	7.79	0.079	92.4	True	DDX23/PRP28
A0A4S2N709	344	W	25	5.38	CZ2	3.84	84.5	6.82	0.075	93.8	True	DDX23/PRP28
A0A813QNS3	299	W	25	5.56	CZ2	4.02	84.6	7.24	0.05	92.0	True	DDX23/PRP28
A0A250XKS0	532	W	25	5.41	CZ2	3.74	82.9	7.16	0.101	91.7	True	DDX23/PRP28
A9V7D0	275	W	25	5.29	CZ2	3.74	81.5	7.25	0.05	94.1	True	DDX23/PRP28
A0AAD6J549	387	W	25	5.45	CZ2	3.93	83.8	7.14	0.059	91.8	True	DDX23/PRP28
A0A0G4EMC1	162	Y	26	22.54	CG	21.39	68.3	25.74	0.586	45.7	False	DDX24/MAK5
A0A0C2YDM5	34	F	22	10.51	CE2	9.21	69.0		0.041	85.6	False	DDX24/MAK5
A0A0C2YDM5	29	F	27	5.56	CZ	4.21	78.7		0.015	85.6	True	DDX24/MAK5
A0A8J5QSR7	209	F	22	11.83	CZ	10.49	81.8	14.77	0.107	67.8	False	DDX24/MAK5
A0A8J5QSR7	202	W	29	5.39	CZ2	3.8	76.0	7.83	0.012	74.3	True	DDX24/MAK5
A0A9Q1I8Q6	69	F	21	17.32	CD2	16.1	64.2	19.56	0.354	78.1	False	DDX24/MAK5
Q5RDL2	198	F	21	17.18	CD2	15.96	64.3	19.82	0.407	93.0	False	DDX24/MAK5
Q5RDL2	194	W	25	5.04	CZ2	3.43	73.9	7.32	0.0	91.2	True	DDX24/MAK5
Q6BV58	201	W	25	5.48	CZ2	3.84	78.9	7.83	0.024	85.6	True	DDX24/MAK5
Q6BV58	200	Y	26	10.59	CG	9.68	47.0	13.61	0.432	81.9	False	DDX24/MAK5
Q6CTN7	220	W	26	5.33	CZ2	3.75	76.0	7.86	0.004	91.3	True	DDX24/MAK5
A0A835NZH5	200	F	21	17.1	CD2	15.9	62.5	19.74	0.395	91.7	False	DDX24/MAK5
A0A835NZH5	196	W	25	5.1	CZ2	3.47	74.9	7.34	0.008	90.8	True	DDX24/MAK5
A0AAD7TH54	135	F	22	10.17	CE2	9.19	47.2	13.49	0.111	78.8	False	DDX24/MAK5
A0AAD7TH54	132	W	25	5.52	CZ2	3.87	82.9	7.78	0.045	80.6	True	DDX24/MAK5
S2JU68	273	W	25	5.5	CZ2	3.83	81.6	7.6	0.049	85.3	True	DDX24/MAK5
A0A3Q2ZA12	226	F	21	17.17	CD2	15.97	63.5	19.73	0.442	88.2	False	DDX24/MAK5
A0A3Q2ZA12	222	W	25	5.52	CZ2	3.92	72.7	7.63	0.019	85.9	True	DDX24/MAK5
A0ABD1F8E6	103	Y	22	10.21	CE2	9.47	35.4	13.69	0.105	82.6	False	DDX24/MAK5
A0ABD1F8E6	100	W	25	5.57	CZ2	3.89	82.2	7.72	0.008	82.2	True	DDX24/MAK5
A0A433D0K2	311	F	22	10.14	CE2	9.48	31.8	13.27	0.164	83.9	False	DDX24/MAK5
A0A433D0K2	308	W	25	5.37	CZ2	3.74	77.4	7.31	0.02	85.7	True	DDX24/MAK5
A0A433D0K2	303	F	30	10.5	CE1	9.22	83.0	9.16	0.274	73.6	False	DDX24/MAK5
R4XP02	166	W	25	5.2	CZ2	3.52	81.3	7.31	0.0	82.1	True	DDX24/MAK5
A0AAV5GG77	219	W	25	5.25	CZ2	3.65	75.5	7.1	0.0	80.5	True	DDX24/MAK5
A0A9W9CYH9	184	W	25	5.51	CZ2	3.89	75.7	7.8	0.016	88.2	True	DDX24/MAK5
A0AAD9UXU5	177	W	25	5.4	CZ2	3.72	79.6	7.23	0.013	83.1	True	DDX24/MAK5
A0A152AA77	262	F	22	10.02	CZ	9.71	17.6	13.48	0.106	84.2	False	DDX24/MAK5
A0A152AA77	259	W	25	5.76	CZ2	4.11	79.3	7.85	0.008	87.3	True	DDX24/MAK5
A0A8C3SF55	195	W	25	5.19	CZ2	3.56	75.7	7.3	0.004	85.4	True	DDX24/MAK5
A0A139A9F3	196	F	22	10.05	CE2	9.54	26.2	13.94	0.111	91.7	False	DDX24/MAK5
A0A139A9F3	193	W	25	5.66	CZ2	4.04	76.8	8.24	0.004	93.4	True	DDX24/MAK5
A0A5B0M2U1	236	W	25	5.75	CZ2	4.08	81.9	7.61	0.008	81.9	True	DDX24/MAK5
A0A8C6VC11	193	F	21	17.11	CD2	15.92	61.6	19.57	0.4	88.4	False	DDX24/MAK5
A0A8C6VC11	189	W	25	5.08	CZ2	3.44	76.2	7.12	0.0	88.2	True	DDX24/MAK5
M2SQB5	254	W	25	5.21	CZ2	3.57	76.6	7.33	0.004	87.6	True	DDX24/MAK5
A0A317XWY0	260	W	25	5.54	CZ2	3.96	77.8	7.62	0.013	83.3	True	DDX24/MAK5
A0A9P6M9K3	282	F	20	10.66	CE2	9.62	51.9	11.33	0.095	89.9	False	DDX24/MAK5
A0A9P6M9K3	280	F	22	10.05	CE2	9.38	32.4	13.01	0.089	81.0	False	DDX24/MAK5
A0A9P6M9K3	277	W	25	5.33	CZ2	3.71	75.3	7.22	0.028	86.4	True	DDX24/MAK5
A0A427YUN0	240	W	25	5.69	CZ2	4.1	76.1	7.86	0.0	86.4	True	DDX24/MAK5
A0A3S3PGC6	82	F	22	10.05	CE2	9.45	29.5	13.67	0.096	84.3	False	DDX24/MAK5
A0A3S3PGC6	79	W	25	5.39	CZ2	3.75	81.5	7.72	0.004	85.3	True	DDX24/MAK5
A0A8C5R2F8	193	W	25	8.66	CZ2	7.14	66.0	6.98	0.0	90.2	False	DDX24/MAK5
V9EBC1	174	F	22	9.96	CE2	8.92	51.3	12.92	0.042	82.2	False	DDX24/MAK5
V9EBC1	171	W	25	5.62	CZ2	3.97	79.6	7.45	0.0	85.2	True	DDX24/MAK5
A0A0K0EJ76	13	W	25	5.26	CZ2	3.62	79.2	7.18	0.025	87.8	True	DDX24/MAK5
A0A0D1Z8F9	176	W	25	5.25	CZ2	3.63	76.0	7.44	0.0	86.9	True	DDX24/MAK5
A0A087UXC2	6	F	25	4.78	CZ	3.54	81.6	6.9	0.03	83.4	True	DDX55/SPB4
A0A1Z5KBD8	23	F	25	5.19	CZ	3.96	84.5	7.23	0.04	86.8	True	DDX55/SPB4
A0A1Y1II54	14	F	27	4.51	CE2	3.35	81.4	7.0	0.015	93.1	True	DDX55/SPB4
A0A8S1J4W7	114	F	26	4.31	CE2	3.11	81.1	6.95	0.0	92.6	True	DDX55/SPB4
A0A075AYG9	9	F	25	5.05	CE2	3.88	78.8	7.31	0.045	86.6	True	DDX55/SPB4
A0A137P9W5	28	F	26	4.7	CE2	3.59	77.0		0.015	69.8	True	DDX55/SPB4
A0A9P4HPM4	11	F	27	5.19	CZ	3.99	83.7	7.16	0.058	85.4	True	DDX55/SPB4
G0RYG4	18	F	24	9.96	CZ	8.75	84.0	13.09	0.051	83.0	False	DDX55/SPB4
G0RYG4	15	W	27	5.12	CZ2	3.64	78.6	7.2	0.05	84.1	True	DDX55/SPB4
A0AAV0AQY8	10	F	27	5.25	CZ	4.04	78.1	7.24	0.052	83.4	True	DDX55/SPB4
Q6ZPL9	9	W	27	5.11	CZ2	3.67	70.9	7.98	0.033	89.9	True	DDX55/SPB4
Q9VHU1	6	W	28	4.95	CZ2	3.71	76.2	7.35	0.041	87.9	True	DDX55/SPB4
Q6FKS8	12	Y	22	16.28	CD1	15.14	57.1	17.48	0.19	91.2	False	DDX55/SPB4
Q6FKS8	7	W	27	5.56	CZ2	4.28	70.2	7.4	0.13	88.1	True	DDX55/SPB4
A5E2I8	10	W	27	5.38	CZ2	4.01	67.0	7.3	0.176	83.8	True	DDX55/SPB4
Q8JHJ2	9	W	27	5.22	CZ2	3.77	69.2	7.71	0.061	89.8	True	DDX55/SPB4
Q5ZLN8	9	W	27	5.26	CZ2	3.73	69.6	7.96	0.065	90.1	True	DDX55/SPB4
Q2GV49	15	W	27	4.98	CZ2	3.7	79.0	7.48	0.029	77.9	True	DDX55/SPB4
A6RMZ2	14	W	27	5.06	CZ2	3.61	74.9	7.19	0.054	86.8	True	DDX55/SPB4
A0A9P6M018	490	W	27	5.14	CZ2	3.58	77.9	7.14	0.038	86.8	True	DDX55/SPB4
A0A674JZ70	9	W	27	5.19	CZ2	3.67	70.7	7.91	0.045	91.9	True	DDX55/SPB4
A0AAD6NHR8	24	W	26	5.27	CZ2	3.82	77.1	7.34	0.08	80.0	True	DDX55/SPB4
A0A6A6B6X2	11	W	27	5.46	CZ2	3.98	73.4	7.16	0.033	86.4	True	DDX55/SPB4
A0A4S4L7A7	11	W	27	5.29	CZ2	3.85	70.5	7.78	0.036	88.4	True	DDX55/SPB4
A0A9Q1CCN9	5	W	27	5.45	CZ2	3.95	69.1	7.84	0.082	88.4	True	DDX55/SPB4
A0A5N6KXQ8	22	W	27	5.36	CZ2	3.9	70.4	7.25	0.03	85.5	True	DDX55/SPB4
A0A1X7V302	5	W	27	5.16	CZ2	3.62	74.0	7.47	0.021	93.1	True	DDX55/SPB4
A0A5C3EAT9	31	W	27	5.09	CZ2	3.68	72.6	7.34	0.054	85.4	True	DDX55/SPB4
A0A167EIP6	12	W	27	5.47	CZ2	3.98	75.1	7.36	0.023	86.4	True	DDX55/SPB4
A0A3N4KWE1	48	W	27	5.37	CZ2	3.85	76.6	7.48	0.058	83.2	True	DDX55/SPB4
A0A8H7SVI6	11	W	27	5.29	CZ2	3.86	72.1	7.52	0.017	86.8	True	DDX55/SPB4
A0A813EGY0	7	W	25	5.1	CZ2	3.59	76.1	7.21	0.08	81.8	True	DDX55/SPB4
A0A9J7M0L5	5	W	27	5.5	CZ2	4.05	68.8	7.59	0.059	84.3	True	DDX55/SPB4
A0AAD9P0Y8	5	W	27	5.45	CZ2	4.03	69.6	7.43	0.12	84.9	True	DDX55/SPB4
A0A0R3U6Q6	9	W	25	4.98	CZ2	3.45	77.4	7.33	0.067	88.9	True	DDX55/SPB4
E9GFC7	5	W	27	5.31	CZ2	3.85	68.3	7.68	0.099	83.1	True	DDX55/SPB4
C5FD77	14	W	27	5.32	CZ2	3.86	72.3	7.02	0.037	86.0	True	DDX55/SPB4
A0A0L0HQH4	10	W	27	5.05	CZ2	3.81	78.1	7.33	0.029	90.2	True	DDX55/SPB4
Q6BP45	119	Y	22	16.47	CD2	15.49	48.3	18.85	0.111	90.1	False	DDX52/ROK1
Q6BP45	112	F	29	5.15	CZ	3.93	81.5	7.6	0.01	87.1	True	DDX52/ROK1
Q99PT0	171	Y	22	16.44	CD2	15.54	44.9	18.73	0.215	91.5	False	DDX52/ROK1
Q99PT0	164	F	29	5.11	CZ	3.86	85.5	7.29	0.015	93.2	True	DDX52/ROK1
Q6CDS6	116	F	22	16.28	CD2	15.36	50.6	17.92	0.188	87.8	False	DDX52/ROK1
Q6CDS6	109	F	29	4.99	CZ	3.76	82.9	6.99	0.02	87.9	True	DDX52/ROK1
Q6FN65	129	F	22	16.38	CD2	15.44	51.1	18.72	0.173	89.7	False	DDX52/ROK1
Q6FN65	122	F	29	5.05	CZ	3.79	83.8	7.44	0.005	89.7	True	DDX52/ROK1
A0A9P6KJ21	156	Y	22	16.37	CD2	15.39	50.4	17.93	0.173	93.4	False	DDX52/ROK1
A0A9P6KJ21	149	F	29	5.26	CZ	3.96	89.2	6.9	0.088	94.4	True	DDX52/ROK1
A0AAV4JX12	88	Y	22	16.17	CE2	15.17	55.8	17.37	0.154	95.1	False	DDX52/ROK1
A0AAV4JX12	81	F	29	5.05	CZ	3.83	87.0	6.66	0.054	95.9	True	DDX52/ROK1
A0A6P9E9D1	142	Y	22	16.07	CE2	15.18	48.8	17.64	0.278	95.3	False	DDX52/ROK1
A0A6P9E9D1	135	F	29	5.12	CZ	3.8	88.6	6.7	0.055	95.6	True	DDX52/ROK1
A0AAJ0BV15	173	Y	22	17.69	CD2	16.98	33.0	17.12	0.012	87.2	False	DDX52/ROK1
A0AAJ0BV15	166	F	29	9.4	CZ	8.32	55.7	6.59	0.065	89.0	False	DDX52/ROK1
A0A4W6D983	126	Y	22	16.14	CD2	15.05	59.6		0.15	84.6	False	DDX52/ROK1
A0A4W6D983	119	F	29	5.04	CZ	3.71	83.7		0.02	92.2	True	DDX52/ROK1
A0A9Q0MCE7	95	F	25	4.99	CZ	3.82	88.7	6.6	0.054	85.0	True	DDX52/ROK1
A0A835CUS8	150	Y	22	16.6	CD2	15.7	45.2	17.63	0.207	91.8	False	DDX52/ROK1
A0A835CUS8	143	F	29	5.21	CZ	3.96	89.9	6.5	0.015	94.0	True	DDX52/ROK1
A0A401S2K6	213	Y	22	16.28	CD2	15.39	43.6	18.77	0.172	90.4	False	DDX52/ROK1
A0A401S2K6	206	F	29	5.15	CZ	3.82	82.9	7.28	0.03	93.2	True	DDX52/ROK1
A0A7I4XXK3	137	F	25	5.55	CZ	4.31	88.3		0.02	91.9	True	DDX52/ROK1
A0A7I4XXK3	134	F	28	9.28	CZ	8.04	68.3		0.06	94.2	False	DDX52/ROK1
A0A397TD01	31	F	20	13.36	CE1	12.49	41.7	13.76	0.014	94.9	False	DDX52/ROK1
A0A397TD01	29	Y	22	15.42	CE2	14.58	45.5	17.87	0.19	93.2	False	DDX52/ROK1
A0A397TD01	22	F	29	4.86	CZ	3.62	83.1	7.06	0.055	94.6	True	DDX52/ROK1
A0A8C6Y855	131	Y	22	16.0	CD2	15.07	47.0	18.1	0.16	92.6	False	DDX52/ROK1
A0A8C6Y855	124	F	29	4.97	CZ	3.71	84.3	6.92	0.05	94.6	True	DDX52/ROK1
A0AAD4HVZ7	133	Y	22	16.53	CD2	15.52	53.3	18.88	0.2	94.4	False	DDX52/ROK1
A0AAD4HVZ7	126	F	29	5.21	CZ	3.95	82.4	7.5	0.05	93.9	True	DDX52/ROK1
A0AA85JHC2	64	Y	21	18.72	CG	18.31	21.9	18.32	0.523	86.9	False	DDX52/ROK1
A0AA85JHC2	58	F	27	5.34	CZ	4.05	88.5	6.8	0.039	90.3	True	DDX52/ROK1
A0AA85JHC2	56	Y	29	13.84	CD1	12.76	60.1	17.79	0.294	91.9	False	DDX52/ROK1
A0A8B6BMW8	152	Y	22	16.15	CD2	15.25	47.4	17.33	0.191	94.8	False	DDX52/ROK1
A0A8B6BMW8	145	F	29	5.2	CZ	3.93	83.9	6.69	0.075	95.3	True	DDX52/ROK1
A0AAD9NVH1	145	Y	22	16.29	CD2	15.35	47.2	17.99	0.201	91.6	False	DDX52/ROK1
A0AAD9NVH1	138	F	29	5.2	CZ	3.92	84.0	6.92	0.075	93.2	True	DDX52/ROK1
A7TK55	25	F	25	5.19	CZ	3.89	89.0	6.29	0.005	96.6	True	eIF4A
A7TK55	23	Y	27	13.35	CD1	12.12	65.7	16.78	0.427	93.9	False	eIF4A
Q4E162	28	F	25	5.21	CZ	3.92	85.9	6.36	0.0	97.2	True	eIF4A
Q5U526	44	F	25	5.14	CZ	3.84	85.8	6.46	0.005	96.2	True	eIF4A
Q41741	39	F	25	5.04	CZ	3.7	87.4	6.53	0.019	95.6	True	eIF4A
Q5RKI1	35	F	25	5.19	CZ	3.9	87.6	6.46	0.0	96.6	True	eIF4A
Q7ZVA6	35	F	25	5.13	CZ	3.83	85.8	6.48	0.004	96.4	True	eIF4A
A6RJ45	27	F	25	5.21	CZ	3.91	88.7	6.31	0.0	96.6	True	eIF4A
Q6BRN4	25	F	25	5.22	CZ	3.91	87.8	6.42	0.009	93.6	True	eIF4A
Q6BRN4	23	Y	27	13.51	CD1	12.32	63.7	16.84	0.594	92.4	False	eIF4A
Q8JFP1	35	F	25	5.17	CZ	3.88	87.2	6.54	0.0	96.5	True	eIF4A
Q2HFP1	26	F	25	5.21	CZ	3.93	87.4	6.43	0.004	96.4	True	eIF4A
Q4P331	40	F	25	5.14	CZ	3.84	88.3	6.41	0.0	96.6	True	eIF4A
Q02748	32	F	25	5.18	CZ	3.87	87.1	6.5	0.0	96.7	True	eIF4A
Q02748	29	Y	28	14.44	CG	13.17	66.6	16.7	0.199	94.9	False	eIF4A
Q6BU54	158	F	25	4.96	CZ	3.68	87.4	7.0	0.103	93.4	True	DDX3/DED1
Q9VHP0	297	F	25	5.24	CZ	3.96	84.8	6.87	0.074	89.9	True	DDX3/DED1
Q6CLR3	161	F	25	4.95	CZ	3.7	84.8	7.04	0.148	94.2	True	DDX3/DED1
P16381	181	F	25	5.04	CZ	3.69	84.9	6.94	0.025	92.0	True	DDX3/DED1
P24346	223	F	25	5.1	CZ	3.76	84.6	6.9	0.01	92.4	True	DDX3/DED1
Q4P733	191	F	25	4.93	CZ	3.53	86.0	7.01	0.049	86.7	True	DDX3/DED1
Q2HBE7	200	F	25	4.92	CZ	3.58	90.0	7.25	0.05	88.7	True	DDX3/DED1
Q6CB69	162	F	25	5.03	CZ	3.75	85.7	7.17	0.134	94.2	True	DDX3/DED1
A6SEH9	188	F	25	4.84	CZ	3.52	86.8	7.04	0.086	87.7	True	DDX3/DED1
A0A139AKW9	165	F	25	4.94	CZ	3.65	85.0	6.6	0.05	89.8	True	DDX3/DED1
A0A7K7C6P0	122	F	25	5.06	CZ	3.72	84.2	6.9	0.04	93.1	True	DDX3/DED1
Q2GQ93	16	F	22	9.94	CE2	8.55	87.4	12.22	0.112	95.8	False	DDX6/DHH1
Q2GQ93	13	F	25	5.1	CZ	3.76	85.0	6.6	0.0	95.7	True	DDX6/DHH1
Q9WTM2	90	Y	22	10.39	CE2	8.98	88.2	12.59	0.096	95.2	False	DDX6/DHH1
Q9WTM2	87	F	25	5.18	CZ	3.85	84.3	6.91	0.0	96.2	True	DDX6/DHH1
A5DIP0	34	F	22	9.97	CE2	8.59	81.6	12.19	0.113	96.2	False	DDX6/DHH1
A5DIP0	31	F	25	5.18	CZ	3.84	85.9	6.65	0.0	96.1	True	DDX6/DHH1
P54824	100	Y	22	10.33	CE2	8.92	86.8	12.53	0.113	95.4	False	DDX6/DHH1
P54824	97	F	25	5.14	CZ	3.81	84.4	6.88	0.0	96.4	True	DDX6/DHH1
A7TGU7	40	Y	21	18.15	CD2	17.32	38.9	19.51	0.754	94.0	False	DDX6/DHH1
A7TGU7	39	F	22	9.99	CE2	8.6	84.1	12.3	0.094	95.1	False	DDX6/DHH1
A7TGU7	36	F	25	5.08	CZ	3.73	86.6	6.57	0.005	94.8	True	DDX6/DHH1
A6RY31	52	F	22	10.05	CE2	8.66	88.0	12.39	0.084	95.2	False	DDX6/DHH1
A6RY31	49	F	25	5.17	CZ	3.84	84.3	6.78	0.0	96.2	True	DDX6/DHH1
Q6C0X2	34	F	21	18.33	CD2	17.54	37.7	19.6	0.745	94.7	False	DDX6/DHH1
Q6C0X2	33	F	22	10.07	CE2	8.67	87.5	12.33	0.1	96.1	False	DDX6/DHH1
Q6C0X2	30	F	25	5.13	CZ	3.81	84.7	6.63	0.014	96.6	True	DDX6/DHH1
Q5ZKB9	101	Y	22	10.37	CE2	8.96	87.2	12.57	0.082	95.6	False	DDX6/DHH1
Q5ZKB9	98	F	25	5.16	CZ	3.84	84.0	6.91	0.0	96.7	True	DDX6/DHH1
P23128	63	F	22	10.08	CE2	8.69	84.7	12.36	0.087	95.9	False	DDX6/DHH1
P23128	60	F	25	5.14	CZ	3.84	82.2	6.89	0.005	96.5	True	DDX6/DHH1
A0A669F5B7	98	Y	22	10.29	CE2	8.96	72.2	12.45	0.105	89.2	False	DDX6/DHH1
A0A669F5B7	95	F	25	5.21	CZ	3.92	85.6	6.85	0.005	87.6	True	DDX6/DHH1
V5EPR1	46	F	21	18.27	CD2	17.47	37.0	19.51	0.766	94.3	False	DDX6/DHH1
V5EPR1	45	Y	22	10.14	CE2	8.74	85.6	12.25	0.101	94.4	False	DDX6/DHH1
V5EPR1	42	F	25	5.15	CZ	3.83	86.4	6.49	0.005	92.9	True	DDX6/DHH1
C5WWE0	139	F	21	18.29	CD2	17.44	39.1	19.68	0.771	94.2	False	DDX6/DHH1
C5WWE0	138	Y	22	10.2	CE2	8.79	89.9	12.42	0.087	94.1	False	DDX6/DHH1
C5WWE0	135	F	25	5.16	CZ	3.82	86.7	6.68	0.0	93.5	True	DDX6/DHH1
Q6FLF3	117	F	20	11.62	CE2	10.34	67.7	12.49	0.059	91.9	False	DDX5/DBP2
Q6FLF3	112	F	25	5.64	CZ	4.41	84.2	6.85	0.059	92.6	True	DDX5/DBP2
P19109	283	F	25	5.45	CZ	4.08	83.0	6.99	0.06	88.5	True	DDX5/DBP2
Q4R6M5	101	F	20	10.9	CE2	9.63	66.2	11.94	0.085	90.8	False	DDX5/DBP2
Q4R6M5	97	Y	24	13.99	CD1	12.97	48.6	15.96	0.448	90.1	False	DDX5/DBP2
Q4R6M5	96	F	25	5.21	CZ	3.87	75.6	6.89	0.069	91.3	True	DDX5/DBP2
A6SFW7	158	F	20	11.63	CE2	10.4	63.5	13.01	0.086	93.7	False	DDX5/DBP2
A6SFW7	153	F	25	5.44	CZ	4.22	82.2	6.91	0.095	93.8	True	DDX5/DBP2
Q4PHU9	137	F	20	11.62	CE2	10.34	67.2	13.9	0.063	92.1	False	DDX5/DBP2
Q4PHU9	132	F	25	5.42	CZ	4.13	84.1	7.36	0.109	93.0	True	DDX5/DBP2
Q2H720	143	F	20	11.64	CE2	10.39	65.7	13.92	0.068	91.1	False	DDX5/DBP2
Q2H720	138	F	25	5.53	CZ	4.29	81.1	7.43	0.109	92.1	True	DDX5/DBP2
Q6C4D4	123	F	20	11.59	CE2	10.32	67.0	12.09	0.05	93.1	False	DDX5/DBP2
Q6C4D4	118	F	25	5.55	CZ	4.31	81.1	6.55	0.095	93.3	True	DDX5/DBP2
A5DS77	123	F	20	11.67	CE2	10.37	69.8	12.78	0.054	91.0	False	DDX5/DBP2
A5DS77	118	F	25	5.65	CZ	4.4	84.0	7.13	0.069	91.9	True	DDX5/DBP2
V7BPD2	128	F	25	5.22	CZ	3.88	86.1	6.41	0.025	95.8	True	DDX5/DBP2
A0A830HL14	307	F	25	5.34	CZ	4.0	87.3	6.54	0.03	93.4	True	DDX5/DBP2
A0A4W5JR18	102	F	20	10.79	CE2	9.54	64.9	11.66	0.063	87.2	False	DDX5/DBP2
A0A4W5JR18	97	F	25	4.99	CZ	3.6	81.9	6.72	0.06	90.6	True	DDX5/DBP2
A0AAW0G734	107	F	20	11.54	CE2	10.16	84.5	11.86	0.067	88.9	False	DDX5/DBP2
A0AAW0G734	102	F	25	5.67	CZ	4.34	75.9	6.74	0.104	91.1	True	DDX5/DBP2
A6RW56	62	F	25	5.22	CZ	3.89	81.8	6.25	0.044	93.1	True	DDX47/RRP3
Q6FNK8	75	F	25	4.96	CZ	3.75	88.2	6.48	0.02	92.3	True	DDX47/RRP3
Q6FNK8	72	F	28	11.44	CD2	10.25	66.7	14.99	0.192	88.2	False	DDX47/RRP3
Q6CH58	66	F	25	5.16	CZ	3.86	80.6	6.97	0.039	94.1	True	DDX47/RRP3
Q29S22	28	F	25	5.03	CZ	3.7	81.1	6.56	0.044	95.5	True	DDX47/RRP3
Q6BQ61	67	F	25	5.01	CZ	3.78	87.2	6.7	0.03	91.9	True	DDX47/RRP3
Q6BQ61	64	F	28	12.89	CG	11.75	61.4	16.15	0.146	82.9	False	DDX47/RRP3
Q2H1Q8	67	F	25	5.1	CZ	3.76	79.5	6.4	0.043	93.6	True	DDX47/RRP3
Q4P3U9	116	F	25	4.97	CZ	3.63	81.3	6.59	0.034	93.4	True	DDX47/RRP3
A0AAR2KFR3	34	F	25	5.09	CZ	3.73	81.1	6.6	0.059	94.4	True	DDX47/RRP3
A0AAD8ED72	41	F	25	5.01	CZ	3.66	81.9	6.55	0.04	93.4	True	DDX47/RRP3
A0AAN9J5H4	206	F	25	4.83	CZ	3.47	83.1	6.36	0.024	91.1	True	DDX47/RRP3
A0A507R4J4	52	F	25	5.03	CZ	3.67	82.4	6.47	0.049	91.9	True	DDX47/RRP3
A0A507R4J4	48	Y	29	11.81	CG	11.27	26.9	16.45	0.431	63.4	False	DDX47/RRP3
K5XD07	9	F	25	4.89	CZ	3.56	83.3	6.85	0.059	91.1	True	DDX47/RRP3
Q9VIF6	63	W	25	5.17	CZ2	3.5	78.9	6.36	0.042	94.3	True	DDX47/RRP3
A0A0L0DL57	28	W	25	5.29	CZ2	3.76	71.9	6.76	0.041	86.1	True	DDX47/RRP3
A0AAD7UKJ7	8	W	25	5.45	CZ2	3.81	75.7	6.62	0.013	94.3	True	DDX47/RRP3
A0AAW1QK57	132	Y	22	10.35	CD2	9.55	40.2	15.11	0.204	84.9	False	DDX47/RRP3
A0AAW1QK57	129	W	25	5.36	CZ2	4.14	68.9	8.14	0.004	85.1	True	DDX47/RRP3
A0A830HUI7	7	W	26	5.18	CZ2	3.5	81.4	7.26	0.004	91.2	True	DDX47/RRP3
A0ABD3MUP0	202	W	22	10.73	CH2	8.66	72.2	11.57	0.0	82.6	False	DDX47/RRP3
E4X3D3	26	W	25	5.43	CZ2	3.79	76.9	6.85	0.0	95.3	True	DDX47/RRP3
A5DZT7	128	F	20	11.12	CE2	9.77	75.3	11.31	0.036	87.0	False	DDX54/DBP10
A5DZT7	126	F	22	9.82	CE2	8.43	84.4	12.08	0.053	84.2	False	DDX54/DBP10
A5DZT7	123	F	25	4.92	CZ	3.62	84.2	6.34	0.035	84.2	True	DDX54/DBP10
Q2H0R2	88	F	25	5.16	CZ	3.91	86.3	6.73	0.015	87.4	True	DDX54/DBP10
A7TGW7	128	F	20	11.13	CE2	9.82	69.7	11.52	0.059	87.7	False	DDX54/DBP10
A7TGW7	126	F	22	9.65	CE2	8.3	77.5	12.06	0.143	85.6	False	DDX54/DBP10
A7TGW7	123	F	25	4.87	CZ	3.58	83.9	6.41	0.04	83.9	True	DDX54/DBP10
Q8TDD1	98	F	25	4.85	CZ	3.62	87.4	6.54	0.01	85.1	True	DDX54/DBP10
Q4P3W3	146	F	25	4.96	CZ	3.73	81.3	7.32	0.02	86.2	True	DDX54/DBP10
Q6C7X8	104	F	25	4.82	CZ	3.51	83.2	6.52	0.059	89.4	True	DDX54/DBP10
A0A8H5GU38	94	F	25	4.89	CZ	3.62	80.6	7.38	0.03	81.4	True	DDX54/DBP10
A0A5J9T3S5	115	F	25	4.93	CZ	3.68	89.4	6.28	0.014	83.9	True	DDX54/DBP10
A0A9W8CA74	75	F	25	4.99	CZ	3.76	89.2	6.47	0.015	82.1	True	DDX54/DBP10
A0A0C9R8M7	45	F	25	4.93	CZ	3.67	88.0	6.88	0.035	85.1	True	DDX54/DBP10
A0A1Y2FBM7	69	F	25	5.42	CZ	4.1	89.1	6.78	0.01	81.2	True	DDX54/DBP10
A0A0L0SNR2	25	F	25	4.92	CZ	3.7	86.0	7.05	0.025	84.0	True	DDX54/DBP10
A0A1B9H2W7	31	W	25	5.26	CZ2	3.6	77.7	7.54	0.004	88.8	True	DDX54/DBP10
A0A2A2JSB2	26	W	25	4.99	CZ2	3.49	82.3	6.47	0.012	80.7	True	DDX54/DBP10
A0A0D2MMB3	216	W	25	5.29	CZ2	3.75	78.9		0.037	92.4	True	DDX54/DBP10
A0A0D2MMB3	211	F	30	6.19	CE1	4.88	80.6		0.283	84.1	True	DDX54/DBP10
F0YDY9	19	W	26	5.63	CZ2	4.09	74.1	7.47	0.008	91.6	True	DDX54/DBP10
A0A9P4R9Y5	73	W	25	5.21	CZ2	3.59	81.0	6.78	0.034	83.6	True	DDX54/DBP10
A0A8K0JPI7	125	W	25	5.08	CZ2	3.56	74.1	7.2	0.016	84.1	True	DDX54/DBP10
A0A4Q1BVQ8	36	W	25	5.36	CZ2	3.69	79.9	7.61	0.0	89.8	True	DDX54/DBP10
A0A7E4VM66	32	W	25	4.99	CZ2	3.58	79.5	6.63	0.029	83.6	True	DDX54/DBP10
P21372	257	W	26	5.12	CZ2	3.5	81.9	6.99	0.042	95.4	True	DDX46/PRP5
Q7L014	374	W	25	4.92	CZ2	3.28	81.9	6.65	0.05	93.0	True	DDX46/PRP5
P23394	174	W	27	5.54	CZ2	4.0	78.7	8.15	0.027	93.9	True	DDX23/PRP28
P38112	172	W	26	5.29	CZ2	3.67	79.2	7.7	0.008	90.4	True	DDX24/MAK5
Q9GZR7	198	F	21	17.35	CD2	16.12	66.7	19.83	0.424	90.2	False	DDX24/MAK5
Q9GZR7	194	W	25	5.35	CZ2	3.73	74.6	7.44	0.008	90.6	True	DDX24/MAK5
P25808	12	F	22	15.87	CD1	14.6	65.6	16.81	0.179	83.4	False	DDX55/SPB4
P25808	7	W	27	5.47	CZ2	4.07	72.0	7.29	0.038	86.3	True	DDX55/SPB4
Q8NHQ9	9	W	27	5.14	CZ2	3.68	71.1	7.95	0.025	90.9	True	DDX55/SPB4
P45818	129	F	20	12.56	CZ	11.59	48.4	12.76	0.031	91.9	False	DDX52/ROK1
P45818	127	F	22	16.49	CE2	15.6	49.5	18.85	0.194	91.8	False	DDX52/ROK1
P45818	120	F	29	5.24	CZ	4.01	82.0	7.71	0.015	91.8	True	DDX52/ROK1
Q9Y2R4	170	Y	22	16.5	CD2	15.53	52.3	18.7	0.225	91.2	False	DDX52/ROK1
Q9Y2R4	163	F	29	5.11	CZ	3.86	84.8	7.24	0.02	93.0	True	DDX52/ROK1
P10081	24	F	25	5.11	CZ	3.85	88.2	6.32	0.018	96.2	True	eIF4A
P10081	22	Y	27	13.51	CD1	12.3	66.3	17.02	0.478	93.6	False	eIF4A
P60842	34	F	25	5.15	CZ	3.87	87.2	6.5	0.0	96.8	True	eIF4A
O00571	182	F	25	4.99	CZ	3.64	84.2	6.98	0.04	92.4	True	DDX3/DED1
P26196	101	Y	22	10.35	CE2	8.94	85.5	12.52	0.082	95.8	False	DDX6/DHH1
P26196	98	F	25	5.18	CZ	3.84	84.1	6.87	0.0	96.8	True	DDX6/DHH1
