context	pos	group_a	n_a	top_a	group_b	n_b	top_b	ref_residue	frac_ref_a	frac_ref_b	p
between	Q-7	Trp subfamilies (W)	5606	Y51 F48 H0 W0	Phe subfamilies (F)	29644	F47 Y28 W11 I10	F	0.478	0.471	0.31
between	Q-6	Trp subfamilies (W)	5606	K28 E23 S15 T12	Phe subfamilies (F)	29644	E28 T16 K16 S8	E	0.226	0.277	7.2e-16
between	Q-5	Trp subfamilies (W)	5606	K29 E25 A12 S6	Phe subfamilies (F)	29644	K27 R14 V10 Q9	K	0.287	0.275	0.063
between	Q-4	Trp subfamilies (W)	5606	P88 M11 L1 T0	Phe subfamilies (F)	29644	P90 M6 L2 V1	P	0.877	0.897	1.1e-05
between	Q-12	Trp subfamilies (W)	5606	L42 I42 V12 M1	Phe subfamilies (F)	29644	I49 L26 V12 C8	I	0.417	0.486	2.7e-21
between	Q+4	Trp subfamilies (W)	5606	I71 L26 V2 F1	Phe subfamilies (F)	29644	I73 L12 V6 W6	I	0.708	0.732	0.00032
between	Q+29	Trp subfamilies (W)	5606	L39 I37 G10 A9	Phe subfamilies (F)	29644	L40 I32 F9 V9	L	0.388	0.402	0.037
between	UA+1	Trp subfamilies (W)	5606	K26 S13 A12 E10	Phe subfamilies (F)	29644	E26 D13 S12 A10	E	0.097	0.264	1.4e-186
between	UA+3	Trp subfamilies (W)	5606	L35 S25 C17 F6	Phe subfamilies (F)	29644	L37 M25 F14 A6	L	0.354	0.373	0.0058
between	UA+5	Trp subfamilies (W)	5606	L52 V24 I13 P4	Phe subfamilies (F)	29644	L64 F15 V7 I6	L	0.522	0.644	6.1e-65
within	Q-7	DDX47/RRP3 W	87	W97 F2 I1	DDX47/RRP3 F	1623	W60 Y20 F18 I1	W	0.966	0.603	1.3e-14
within	Q-6	DDX47/RRP3 W	87	K78 E7 T3 S3	DDX47/RRP3 F	1623	K71 T17 S3 A2	K	0.782	0.713	0.18
within	Q-5	DDX47/RRP3 W	87	A31 E29 S14 K11	DDX47/RRP3 F	1623	K22 T16 V12 A10	K	0.115	0.217	0.022
within	Q-4	DDX47/RRP3 W	87	P99 T1	DDX47/RRP3 F	1623	P97 A3 M0 L0	P	0.989	0.972	0.73
within	Q-12	DDX47/RRP3 W	87	C95 T3 L1	DDX47/RRP3 F	1623	C85 L7 I4 V2	C	0.954	0.853	0.0065
within	Q+4	DDX47/RRP3 W	87	I99 V1	DDX47/RRP3 F	1623	I84 L13 V2 M1	I	0.989	0.838	1e-05
within	Q+29	DDX47/RRP3 W	87	L94 I3 V2	DDX47/RRP3 F	1623	L83 I15 -0 A0	L	0.943	0.825	0.0029
within	UA+1	DDX47/RRP3 W	87	K66 E15 Q9 S6	DDX47/RRP3 F	1623	K61 A16 E6 R5	K	0.655	0.608	0.43
within	UA+3	DDX47/RRP3 W	87	L95 M3 V1	DDX47/RRP3 F	1623	L98 F1 I1 Y0	L	0.954	0.982	0.083
within	UA+5	DDX47/RRP3 W	87	L74 I23 V3	DDX47/RRP3 F	1623	V60 I20 L19 F0	V	0.034	0.601	1.3e-28
within	Q-7	DDX54/DBP10 W	51	F55 Y45	DDX54/DBP10 F	1705	Y72 F28 V0	Y	0.451	0.718	0.00011
within	Q-6	DDX54/DBP10 W	51	K45 R43 N4 S2	DDX54/DBP10 F	1705	K59 R18 S13 N3	K	0.451	0.592	0.059
within	Q-5	DDX54/DBP10 W	51	Q71 S8 T6 N6	DDX54/DBP10 F	1705	V69 I14 Q8 T4	V	0.039	0.686	6.2e-22
within	Q-4	DDX54/DBP10 W	51	P100	DDX54/DBP10 F	1705	P99 A1 T0 M0	P	1.0	0.993	1.0
within	Q-12	DDX54/DBP10 W	51	I63 L25 V10 T2	DDX54/DBP10 F	1705	I70 V22 L8 E0	I	0.627	0.695	0.35
within	Q+4	DDX54/DBP10 W	51	I88 L10 T2	DDX54/DBP10 F	1705	I77 M13 V6 L4	I	0.882	0.766	0.062
within	Q+29	DDX54/DBP10 W	51	I47 V25 Y22 L2	DDX54/DBP10 F	1705	I62 V15 L13 Y7	I	0.471	0.623	0.029
within	UA+1	DDX54/DBP10 W	51	Q94 A4 R2	DDX54/DBP10 F	1705	Q79 E14 A3 K1	Q	0.941	0.792	0.0072
within	UA+3	DDX54/DBP10 W	51	L47 M33 I18 F2	DDX54/DBP10 F	1705	M79 L16 F4 Y0	M	0.333	0.789	7.8e-12
within	UA+5	DDX54/DBP10 W	51	L80 V16 F2 I2	DDX54/DBP10 F	1705	L96 F3 I1 V0	L	0.804	0.955	0.00011
within	Q-7	DDX56/DBP9 W	40	F57 W32 Y5 I2	DDX56/DBP9 F	1322	W53 F25 I12 Y4	W	0.325	0.535	0.0099
within	Q-6	DDX56/DBP9 W	40	E25 K22 A10 H8	DDX56/DBP9 F	1322	S28 A17 E13 T8	S	0.075	0.284	0.002
within	Q-5	DDX56/DBP9 W	40	N28 K25 A10 S10	DDX56/DBP9 F	1322	K30 R14 Q11 E11	K	0.25	0.295	0.6
within	Q-4	DDX56/DBP9 W	40	P100	DDX56/DBP9 F	1322	P97 A2 T1 L0	P	1.0	0.974	0.62
within	Q-12	DDX56/DBP9 W	40	I48 L32 V18 S2	DDX56/DBP9 F	1322	I40 V32 L25 K1	I	0.475	0.402	0.41
within	Q+4	DDX56/DBP9 W	40	I80 V15 L5	DDX56/DBP9 F	1322	I95 V4 F1 L1	I	0.8	0.949	0.0012
within	Q+29	DDX56/DBP9 W	40	L30 I22 C18 V12	DDX56/DBP9 F	1322	L55 I32 V10 M1	L	0.3	0.548	0.0021
within	UA+1	DDX56/DBP9 W	40	D35 E18 S18 A8	DDX56/DBP9 F	1322	E33 H25 A16 S7	E	0.175	0.332	0.04
within	UA+3	DDX56/DBP9 W	40	F52 L40 M5 T2	DDX56/DBP9 F	1322	L41 M41 F16 I1	L	0.4	0.409	1.0
within	UA+5	DDX56/DBP9 W	40	L92 F5 I2	DDX56/DBP9 F	1322	L90 I4 F2 V2	L	0.925	0.901	0.79
within	Q-7	DDX6/DHH1 W	50	F56 Y44	DDX6/DHH1 F	1856	W50 F47 Y2 I0	W	0.0	0.505	1.3e-15
within	Q-6	DDX6/DHH1 W	50	E82 K6 D4 I2	DDX6/DHH1 F	1856	E98 D1 V0 S0	E	0.82	0.983	5.2e-07
within	Q-5	DDX6/DHH1 W	50	K64 R12 Y10 F4	DDX6/DHH1 F	1856	K74 R21 S1 N1	K	0.64	0.739	0.14
within	Q-4	DDX6/DHH1 W	50	P100	DDX6/DHH1 F	1856	P100 A0 L0	P	1.0	0.999	1.0
within	Q-12	DDX6/DHH1 W	50	I92 L6 V2	DDX6/DHH1 F	1856	I98 L1 V0	I	0.92	0.983	0.013
within	Q+4	DDX6/DHH1 W	50	I82 V14 L4	DDX6/DHH1 F	1856	I98 V1 L0 M0	I	0.82	0.983	4.1e-07
within	Q+29	DDX6/DHH1 W	50	I60 V38 A2	DDX6/DHH1 F	1856	I97 V2 K0 -0	I	0.6	0.969	1.9e-16
within	UA+1	DDX6/DHH1 W	50	E82 D8 K4 N2	DDX6/DHH1 F	1856	E97 D2 A0 S0	E	0.82	0.974	9.7e-06
within	UA+3	DDX6/DHH1 W	50	F68 M12 L12 Y8	DDX6/DHH1 F	1856	Y57 F34 M6 L2	Y	0.08	0.573	6.6e-13
within	UA+5	DDX6/DHH1 W	50	L76 I14 H6 K2	DDX6/DHH1 F	1856	L91 I8 V0 E0	L	0.76	0.915	0.001
within	Q-7	DDX55/SPB4 W	675	F91 Y5 H3 L0	DDX55/SPB4 F	143	F94 Y4 I1 V1	F	0.914	0.944	0.31
within	Q-6	DDX55/SPB4 W	675	T26 P17 S12 E12	DDX55/SPB4 F	143	E51 T12 D8 R5	E	0.117	0.51	2e-23
within	Q-5	DDX55/SPB4 W	675	H17 R17 Q16 Y14	DDX55/SPB4 F	143	F55 R15 Q6 K5	F	0.004	0.552	7.9e-66
within	Q-4	DDX55/SPB4 W	675	M88 P7 T3 L1	DDX55/SPB4 F	143	C69 M17 P6 L3	C	0.0	0.692	3.1e-93
within	Q-12	DDX55/SPB4 W	675	L46 I29 V20 M1	DDX55/SPB4 F	143	L77 I10 V7 T2	L	0.464	0.769	1.5e-11
within	Q+4	DDX55/SPB4 W	675	I92 L4 V2 M2	DDX55/SPB4 F	143	I92 L6 V1 F1	I	0.919	0.916	0.87
within	Q+29	DDX55/SPB4 W	675	I82 V10 L7 -0	DDX55/SPB4 F	143	V58 L22 I17 P1	V	0.096	0.58	1.5e-34
within	UA+1	DDX55/SPB4 W	675	E36 D26 S17 T5	DDX55/SPB4 F	143	S78 D7 E5 A4	S	0.175	0.776	1.9e-43
within	UA+3	DDX55/SPB4 W	675	L93 I2 V2 M1	DDX55/SPB4 F	143	L85 P3 I3 C3	L	0.935	0.853	0.002
within	UA+5	DDX55/SPB4 W	675	V38 P32 L8 T6	DDX55/SPB4 F	143	P80 L8 I6 V2	P	0.319	0.797	2.8e-26
within	Q-7	DDX46/PRP5 W	1502	Y73 F26 W1 L0	DDX46/PRP5 F	68	F38 I34 Y28	F	0.256	0.382	0.024
within	Q-6	DDX46/PRP5 W	1502	E71 D10 T9 A3	DDX46/PRP5 F	68	E40 T21 S10 N4	E	0.706	0.397	2.9e-07
within	Q-5	DDX46/PRP5 W	1502	K73 A10 R6 S3	DDX46/PRP5 F	68	K40 E15 T12 N7	K	0.731	0.397	2.1e-08
within	Q-4	DDX46/PRP5 W	1502	P99 L1 T0	DDX46/PRP5 F	68	P97 M3	P	0.992	0.971	0.12
within	Q-12	DDX46/PRP5 W	1502	L47 I42 M3 F2	DDX46/PRP5 F	68	L56 I21 M9 F6	L	0.473	0.559	0.17
within	Q+4	DDX46/PRP5 W	1502	I66 L27 V4 F1	DDX46/PRP5 F	68	I57 L34 M6 V1	I	0.664	0.574	0.15
within	Q+29	DDX46/PRP5 W	1502	L92 I5 V2 M1	DDX46/PRP5 F	68	L91 I7 E1	L	0.916	0.912	0.82
within	UA+1	DDX46/PRP5 W	1502	V27 A26 S26 H8	DDX46/PRP5 F	68	A35 S19 E10 D6	A	0.259	0.353	0.092
within	UA+3	DDX46/PRP5 W	1502	C62 T12 F8 A6	DDX46/PRP5 F	68	C43 A16 G10 F10	C	0.617	0.426	0.0021
within	UA+5	DDX46/PRP5 W	1502	L50 V21 I21 F2	DDX46/PRP5 F	68	L84 F9 V4 I3	L	0.505	0.838	3.3e-08
