gene	anchor	site	pos	residue	rsasa	am_mean	pct_all	pct_buried_aromatics	n_buried_aromatics	buried_aromatics_median
DDX39A	F46	UA	46	PHE	0.049	0.978	93.9	95.0	20	0.929
DDX39A	F46	UA+1	47	ARG	0.691	0.868	59.5	20.0	20	0.929
DDX39A	F46	Q-stacker	64	PHE	0.207	0.977	93.0	95.0	20	0.929
DDX39A	F46	Q-4	67	PRO	0.143	0.994	98.4	100.0	20	0.929
DDX39A	F46	Q	71	GLN	0.014	0.979	94.6	100.0	20	0.929
DDX3X	F182	UA	182	PHE	0.04	0.99	84.0	50.0	16	0.987
DDX3X	F182	UA+1	183	SER	0.537	0.181	1.5	0.0	16	0.987
DDX3X	F182	Q-stacker	200	TYR	0.297	0.97	76.9	37.5	16	0.987
DDX3X	F182	Q-4	203	PRO	0.055	0.993	85.8	62.5	16	0.987
DDX3X	F182	Q	207	GLN	0.048	0.993	86.4	62.5	16	0.987
DDX3Y	F180	UA	180	PHE	0.034	0.979	84.1	50.0	18	0.98
DDX3Y	F180	UA+1	181	SER	0.564	0.136	2.4	0.0	18	0.98
DDX3Y	F180	Q-stacker	198	TYR	0.254	0.949	75.3	38.9	18	0.98
DDX3Y	F180	Q-4	201	PRO	0.028	0.981	84.8	50.0	18	0.98
DDX3Y	F180	Q	205	GLN	0.053	0.988	87.6	66.7	18	0.98
DDX5	F96	UA	96	PHE	0.075	0.981	80.9	58.8	17	0.966
DDX5	F96	UA+1	97	TYR	0.398	0.216	1.1	0.0	17	0.966
DDX5	F96	Q-stacker	114	PHE	0.365	0.924	62.1	11.8	17	0.966
DDX5	F96	Q-4	117	PRO	0.041	0.989	85.8	76.5	17	0.966
DDX5	F96	Q	121	GLN	0.043	0.981	81.1	58.8	17	0.966
DDX6	F98	UA	98	PHE	0.0	0.986	82.8	64.3	14	0.977
DDX6	F98	UA+1	99	GLU	0.266	0.976	77.6	50.0	14	0.977
DDX6	F98	Q-stacker	116	TRP	0.163	0.967	72.0	35.7	14	0.977
DDX6	F98	Q-4	119	PRO	0.02	0.997	92.3	92.9	14	0.977
DDX6	F98	Q	123	GLN	0.024	0.989	84.1	64.3	14	0.977
EIF4A3	F40	UA	40	PHE	0.014	0.981	84.2	75.0	12	0.966
EIF4A3	F40	UA+1	41	ASP	0.471	0.925	56.0	8.3	12	0.966
EIF4A3	F40	Q-stacker	58	PHE	0.15	0.959	75.7	41.7	12	0.966
EIF4A3	F40	Q-4	61	PRO	0.054	0.994	92.7	100.0	12	0.966
EIF4A3	F40	Q	65	GLN	0.024	0.985	86.9	91.7	12	0.966
EIF4A1	F34	UA	34	PHE	0.0	0.991	85.2	77.8	9	0.981
EIF4A1	F34	UA+1	35	ASP	0.441	0.99	83.5	66.7	9	0.981
EIF4A1	F34	Q-stacker	52	PHE	0.186	0.989	83.0	66.7	9	0.981
EIF4A1	F34	Q-4	55	PRO	0.047	0.999	94.3	100.0	9	0.981
EIF4A1	F34	Q	59	GLN	0.034	0.992	86.7	77.8	9	0.981
DDX10	F71	UA	71	PHE	0.015	0.985	94.4	90.5	21	0.935
DDX10	F71	UA+1	72	SER	0.487	0.537	50.7	0.0	21	0.935
DDX10	F71	Q-stacker	89	TYR	0.305	0.938	86.5	52.4	21	0.935
DDX10	F71	Q-4	92	VAL	0.162	0.774	68.0	19.0	21	0.935
DDX10	F71	Q	96	GLN	0.029	0.989	95.0	95.2	21	0.935
DDX39B	F47	UA	47	PHE	0.034	0.99	93.9	100.0	20	0.965
DDX39B	F47	UA+1	48	ARG	0.665	0.911	59.3	15.0	20	0.965
DDX39B	F47	Q-stacker	65	PHE	0.203	0.989	93.0	95.0	20	0.965
DDX39B	F47	Q-4	68	PRO	0.156	0.995	96.3	100.0	20	0.965
DDX39B	F47	Q	72	GLN	0.024	0.981	89.7	80.0	20	0.965
EIF4A2	F35	UA	35	PHE	0.0	0.991	87.0	80.0	10	0.974
EIF4A2	F35	UA+1	36	ASP	0.424	0.988	84.8	80.0	10	0.974
EIF4A2	F35	Q-stacker	53	PHE	0.176	0.984	82.6	70.0	10	0.974
EIF4A2	F35	Q-4	56	PRO	0.047	0.999	95.3	100.0	10	0.974
EIF4A2	F35	Q	60	GLN	0.029	0.992	88.0	90.0	10	0.974
DDX59	F205	UA	205	PHE	0.035	0.929	93.2	44.4	9	0.939
DDX59	F205	UA+1	206	GLU	0.41	0.311	34.6	0.0	9	0.939
DDX59	F205	Q-stacker	223	TYR	0.179	0.819	80.6	22.2	9	0.939
DDX59	F205	Q-4	226	PRO	0.034	0.919	91.6	33.3	9	0.939
DDX59	F205	Q	230	GLN	0.014	0.938	93.7	44.4	9	0.939
DDX46	W374	UA	374	TRP	0.05	0.972	83.0	47.1	17	0.98
DDX46	W374	UA+1	375	VAL	0.605	0.831	51.2	0.0	17	0.98
DDX46	W374	Q-stacker	392	TYR	0.21	0.902	64.6	23.5	17	0.98
DDX46	W374	Q-4	395	PRO	0.083	0.98	86.5	47.1	17	0.98
DDX46	W374	Q	399	GLN	0.029	0.982	87.4	52.9	17	0.98
DDX42	F255	UA	255	PHE	0.075	0.996	94.6	92.9	14	0.975
DDX42	F255	UA+1	256	ALA	0.465	0.911	66.7	7.1	14	0.975
DDX42	F255	Q-stacker	273	TYR	0.304	0.953	78.1	35.7	14	0.975
DDX42	F255	Q-4	276	PRO	0.109	0.996	94.2	92.9	14	0.975
DDX42	F255	Q	280	GLN	0.039	0.985	89.1	64.3	14	0.975
DDX55	W9	UA	9	TRP	0.025	0.954	89.8	85.7	28	0.869
DDX55	W9	UA+1	10	GLU	0.558	0.223	18.3	0.0	28	0.869
DDX55	W9	Q-stacker	29	PHE	0.326	0.903	82.7	71.4	28	0.869
DDX55	W9	Q-4	32	MET	0.016	0.721	60.0	21.4	28	0.869
DDX55	W9	Q	36	GLN	0.024	0.949	89.3	82.1	28	0.869
DDX54	F98	UA	98	PHE	0.01	0.974	96.4	88.2	17	0.91
DDX54	F98	UA+1	99	GLN	0.35	0.862	86.3	47.1	17	0.91
DDX54	F98	Q-stacker	116	TYR	0.277	0.923	91.5	58.8	17	0.91
DDX54	F98	Q-4	119	PRO	0.02	0.975	96.5	88.2	17	0.91
DDX54	F98	Q	123	GLN	0.058	0.967	95.2	76.5	17	0.91
DDX1	F4	UA	4	PHE	0.035	0.981	87.2	87.5	32	0.873
DDX1	F4	UA+1	5	SER	0.349	0.541	30.8	6.2	32	0.873
DDX1	F4	Q-stacker	22	TRP	0.201	0.979	86.5	87.5	32	0.873
DDX1	F4	Q-4	25	PRO	0.205	0.989	90.8	90.6	32	0.873
DDX1	F4	Q	29	GLN	0.0	0.972	84.6	81.2	32	0.873
DDX17	F173	UA	173	PHE	0.059	0.988	86.3	70.6	17	0.964
DDX17	F173	UA+1	174	HIS	0.426	0.306	15.4	0.0	17	0.964
DDX17	F173	Q-stacker	191	PHE	0.376	0.952	72.4	29.4	17	0.964
DDX17	F173	Q-4	194	PRO	0.02	0.99	88.1	82.4	17	0.964
DDX17	F173	Q	198	GLN	0.039	0.983	83.8	52.9	17	0.964
DDX23	W393	UA	393	TRP	0.067	0.983	82.6	57.1	14	0.981
DDX23	W393	UA+1	394	LYS	0.82	0.25	3.8	0.0	14	0.981
DDX23	W393	Q-stacker	411	TYR	0.183	0.952	68.0	28.6	14	0.981
DDX23	W393	Q-4	414	PRO	0.047	0.973	76.6	42.9	14	0.981
DDX23	W393	Q	418	GLN	0.005	0.993	88.3	71.4	14	0.981
DDX24	W194	UA	194	TRP	0.008	0.984	97.7	92.9	14	0.921
DDX24	W194	UA+1	195	LYS	0.629	0.432	55.9	14.3	14	0.921
DDX24	W194	Q-stacker	212	PHE	0.327	0.895	89.2	42.9	14	0.921
DDX24	W194	Q-4	215	PRO	0.211	0.935	92.2	64.3	14	0.921
DDX24	W194	Q	219	GLN	0.034	0.857	85.1	28.6	14	0.921
DDX47	F26	UA	26	PHE	0.05	0.965	83.5	66.7	15	0.876
DDX47	F26	UA+1	27	LYS	0.51	0.372	16.7	0.0	15	0.876
DDX47	F26	Q-stacker	44	TRP	0.192	0.946	78.9	66.7	15	0.876
DDX47	F26	Q-4	47	PRO	0.088	0.959	81.8	66.7	15	0.876
DDX47	F26	Q	51	GLN	0.039	0.979	87.5	80.0	15	0.876
DDX31	F232	UA	232	PHE	0.014	0.894	94.4	69.2	26	0.775
DDX31	F232	UA+1	233	HIS	0.596	0.151	26.3	0.0	26	0.775
DDX31	F232	Q-stacker	251	MET	0.204	0.55	68.9	11.5	26	0.775
DDX31	F232	Q-4	254	MET	0.011	0.721	80.0	30.8	26	0.775
DDX31	F232	Q	258	GLN	0.0	0.909	95.2	80.8	26	0.775
DDX4	F290	UA	290	PHE	0.104	0.861	80.1	23.5	17	0.941
DDX4	F290	UA+1	291	GLU	0.752	0.342	47.0	0.0	17	0.941
DDX4	F290	Q-stacker	308	TYR	0.308	0.9	84.9	35.3	17	0.941
DDX4	F290	Q-4	311	LEU	0.016	0.748	71.4	5.9	17	0.941
DDX4	F290	Q	315	GLN	0.03	0.973	94.3	88.2	17	0.941
DDX28	F128	UA	128	PHE	0.035	0.883	93.0	38.5	13	0.892
DDX28	F128	UA+1	129	ALA	0.475	0.149	17.6	0.0	13	0.892
DDX28	F128	Q-stacker	148	VAL	0.255	0.388	50.4	0.0	13	0.892
DDX28	F128	Q-4	151	PRO	0.056	0.769	83.0	15.4	13	0.892
DDX28	F128	Q	155	GLN	0.03	0.865	91.3	38.5	13	0.892
DDX19A	F93	UA	93	PHE	0.02	0.992	91.0	75.0	12	0.979
DDX19A	F93	UA+1	94	GLU	0.4	0.9	55.9	25.0	12	0.979
DDX19A	F93	Q-stacker	111	PHE	0.282	0.974	80.8	50.0	12	0.979
DDX19A	F93	Q-4	114	PRO	0.081	0.998	94.6	91.7	12	0.979
DDX19A	F93	Q	118	GLN	0.029	0.988	88.5	58.3	12	0.979
DDX43	F243	UA	243	PHE	0.059	0.839	90.9	77.8	18	0.748
DDX43	F243	UA+1	244	ASP	0.426	0.14	12.2	0.0	18	0.748
DDX43	F243	Q-stacker	262	PHE	0.384	0.79	85.3	66.7	18	0.748
DDX43	F243	Q-4	265	PRO	0.121	0.821	89.0	72.2	18	0.748
DDX43	F243	Q	269	GLN	0.043	0.849	91.8	77.8	18	0.748
DDX56	F9	UA	9	PHE	0.058	0.946	92.1	66.7	15	0.922
DDX56	F9	UA+1	10	GLU	0.675	0.325	30.5	0.0	15	0.922
DDX56	F9	Q-stacker	27	TRP	0.228	0.921	89.8	46.7	15	0.922
DDX56	F9	Q-4	30	PRO	0.131	0.916	89.0	46.7	15	0.922
DDX56	F9	Q	34	GLN	0.029	0.963	94.9	86.7	15	0.922
DDX20	F64	UA	64	PHE	0.025	0.964	94.3	75.0	12	0.938
DDX20	F64	UA+1	65	GLU	0.484	0.391	56.2	0.0	12	0.938
DDX20	F64	Q-stacker	82	PHE	0.083	0.949	92.8	58.3	12	0.938
DDX20	F64	Q-4	85	PRO	0.0	0.953	93.4	75.0	12	0.938
DDX20	F64	Q	89	GLN	0.014	0.933	91.5	50.0	12	0.938
DDX25	F99	UA	99	PHE	0.02	0.974	95.4	84.6	13	0.911
DDX25	F99	UA+1	100	GLU	0.431	0.707	59.0	0.0	13	0.911
DDX25	F99	Q-stacker	117	PHE	0.211	0.943	92.3	61.5	13	0.911
DDX25	F99	Q-4	120	PRO	0.088	0.976	95.7	84.6	13	0.911
DDX25	F99	Q	124	GLN	0.034	0.956	93.4	76.9	13	0.911
DDX41	F183	UA	183	PHE	0.05	0.979	84.4	56.2	16	0.974
DDX41	F183	UA+1	184	LYS	0.662	0.556	27.5	0.0	16	0.974
DDX41	F183	Q-stacker	202	HIS	0.534	0.126	2.3	0.0	16	0.974
DDX41	F183	Q-4	204	PRO	0.076	0.99	88.3	68.8	16	0.974
DDX41	F183	Q	208	GLN	0.015	0.988	87.6	56.2	16	0.974
DDX19B	F94	UA	94	PHE	0.01	0.987	89.1	54.5	11	0.981
DDX19B	F94	UA+1	95	GLU	0.426	0.82	46.1	18.2	11	0.981
DDX19B	F94	Q-stacker	112	PHE	0.141	0.969	80.8	45.5	11	0.981
DDX19B	F94	Q-4	115	PRO	0.02	0.996	93.9	90.9	11	0.981
DDX19B	F94	Q	119	GLN	0.015	0.985	88.1	54.5	11	0.981
DDX49	F4	UA	4	PHE	0.048	0.786	62.9	38.5	13	0.876
DDX49	F4	UA+1	5	ALA	0.497	0.176	8.5	0.0	13	0.876
DDX49	F4	Q-stacker	22	LEU	0.298	0.673	47.0	7.7	13	0.876
DDX49	F4	Q-4	25	PRO	0.088	0.736	53.8	15.4	13	0.876
DDX49	F4	Q	29	GLN	0.039	0.908	83.2	53.8	13	0.876
DDX18	F179	UA	179	PHE	0.065	0.975	86.1	60.0	20	0.973
DDX18	F179	UA+1	180	ALA	0.532	0.204	21.3	0.0	20	0.973
DDX18	F179	Q-stacker	199	PHE	0.418	0.951	79.1	30.0	20	0.973
DDX18	F179	Q-4	202	MET	0.094	0.926	71.2	15.0	20	0.973
DDX18	F179	Q	206	GLN	0.039	0.987	90.1	85.0	20	0.973
DDX21	F188	UA	188	PHE	0.122	0.906	81.5	22.2	18	0.92
DDX21	F188	UA+1	189	SER	0.614	0.24	32.2	0.0	18	0.92
DDX21	F188	Q-stacker	206	VAL	0.138	0.875	77.4	5.6	18	0.92
DDX21	F188	Q-4	209	LEU	0.011	0.93	84.8	55.6	18	0.92
DDX21	F188	Q	213	GLN	0.034	0.974	91.8	72.2	18	0.92
DDX50	F139	UA	139	PHE	0.113	0.966	86.4	50.0	16	0.967
DDX50	F139	UA+1	140	SER	0.649	0.316	29.3	0.0	16	0.967
DDX50	F139	Q-stacker	157	VAL	0.138	0.917	76.0	18.8	16	0.967
DDX50	F139	Q-4	160	LEU	0.011	0.953	82.5	37.5	16	0.967
DDX50	F139	Q	164	GLN	0.04	0.978	89.0	62.5	16	0.967
DDX53	F223	UA	223	PHE	0.055	0.589	92.4	61.1	18	0.554
DDX53	F223	UA+1	224	LYS	0.588	0.19	30.0	0.0	18	0.554
DDX53	F223	Q-stacker	242	ILE	0.251	0.184	28.4	0.0	18	0.554
DDX53	F223	Q-4	245	PRO	0.062	0.658	96.7	83.3	18	0.554
DDX53	F223	Q	249	GLN	0.029	0.705	98.3	88.9	18	0.554
