gene	anchor	F->W	F->Y	F->L	F->A	W->F	W->Y	W->L	W->A
DDX39A	F46	0.838	0.826	0.998	0.997				
DDX3X	F182	0.941	0.884	0.999	0.999				
DDX3Y	F180	0.903	0.784	0.997	0.998				
DDX5	F96	0.915	0.85	0.997	0.996				
DDX6	F98	0.828	0.909	1.0	1.0				
EIF4A3	F40	0.786	0.877	0.999	0.998				
EIF4A1	F34	0.892	0.945	1.0	0.999				
DDX10	F71	0.952	0.828	0.998	0.998				
DDX39B	F47	0.938	0.909	0.999	0.999				
EIF4A2	F35	0.895	0.946	1.0	1.0				
DDX59	F205	0.664	0.585	0.978	0.984				
DDX46	W374					0.524	0.962	0.993	0.999
DDX42	F255	0.965	0.976	1.0	1.0				
DDX55	W9					0.585	0.929	0.934	0.969
DDX54	F98	0.77	0.792	0.998	0.999				
DDX1	F4	0.934	0.824	0.998	0.987				
DDX17	F173	0.909	0.894	0.999	0.999				
DDX23	W393					0.713	0.98	0.995	1.0
DDX24	W194					0.853	0.958	0.964	0.994
DDX47	F26	0.652	0.77	0.997	0.996				
DDX31	F232	0.666	0.541	0.966	0.949				
DDX4	F290	0.617	0.444	0.944	0.888				
DDX28	F128	0.574	0.559	0.938	0.93				
DDX19A	F93	0.896	0.971	1.0	0.999				
DDX43	F243	0.505	0.441	0.941	0.874				
DDX56	F9	0.522	0.728	0.992	0.985				
DDX20	F64	0.809	0.804	0.99	0.981				
DDX25	F99	0.789	0.846	0.998	0.994				
DDX41	F183	0.823	0.818	0.998	0.999				
DDX19B	F94	0.832	0.943	0.999	0.998				
DDX49	F4	0.586	0.526	0.9	0.689				
DDX18	F179	0.897	0.766	0.997	0.992				
DDX21	F188	0.894	0.693	0.898	0.968				
DDX50	F139	0.941	0.837	0.977	0.991				
DDX53	F223	0.339	0.208	0.627	0.604				
