gene	anchor	missense_patients	per_residue_mean	at_UA	in_loop
DDX39A	F46	174	0.407	0	8
DDX3X	F182	667	1.008	0	4
DDX3Y	F180	92	0.139	0	1
DDX5	F96	314	0.511	1	4
DDX6	F98	179	0.371	1	1
EIF4A3	F40	170	0.414	2	5
EIF4A1	F34	177	0.436	0	4
DDX10	F71	412	0.471	1	5
DDX39B	F47	86	0.201	0	0
EIF4A2	F35	580	1.425	1	26
DDX59	F205	300	0.485	0	6
DDX46	W374	436	0.423	0	3
DDX42	F255	439	0.468	0	5
DDX55	W9	244	0.407	0	7
DDX54	F98	516	0.586	1	7
DDX1	F4	0	0.0	0	0
DDX17	F173	300	0.412	0	6
DDX27	F189	144	0.188	0	0
DDX23	W393	459	0.56	0	4
DDX24	W194	307	0.357	0	2
DDX47	F26	219	0.481	0	6
DDX31	F232	325	0.382	0	6
DDX4	F290	481	0.664	0	5
DDX28	F128	221	0.409	1	2
DDX19A	F93	147	0.308	0	3
DDX43	F243	397	0.613	0	11
DDX56	F9	255	0.466	1	6
DDX20	F64	326	0.396	0	5
DDX25	F99	276	0.571	0	3
DDX41	F183	507	0.815	1	18
DDX19B	F94	147	0.307	0	3
DDX52	F163	210	0.351	0	4
DDX49	F4	215	0.445	0	3
DDX18	F179	354	0.528	0	9
DDX21	F188	287	0.367	0	4
DDX50	F139	304	0.412	0	11
DDX53	F223	437	0.693	1	7
