gene	anchor	site	pos	change	type	study	patient	uniprot_match	tumour_only
DDX39A	F46	UA+1	47	R47W	Missense_Mutation	brca_tcga_gdc	TCGA-B6-A2IU	True	True
DDX39A	F46	loop-3	43	S43C	Missense_Mutation	hcc_clca_2024	CLCA_0434	True	True
DDX39A	F46	UA+1	47	R47L	Missense_Mutation	luad_tcga_pan_can_atlas_2018	TCGA-55-6984	True	True
DDX39A	F46	UA+1	47	R47Q	Missense_Mutation	pancan_pdmr_2025	P-857933	True	True
DDX39A	F46	loop-4	42	H42R	Missense_Mutation	pancan_pdmr_2025	P-897434	True	True
DDX39A	F46	UA+1	47	R47Q	Missense_Mutation	ucec_tcga_gdc	TCGA-D1-A17M	True	True
DDX39A	F46	UA+1	47	R47W	Missense_Mutation	ucec_tcga_gdc	TCGA-FI-A2D0	True	True
DDX39A	F46	loop-3	43	S43N	Missense_Mutation	ucec_tcga_pan_can_atlas_2018	TCGA-FI-A2D0	True	True
DDX3X	F182	loop-6	176	P176L	Missense_Mutation	bcc_unige_2016	VS017	True	True
DDX3X	F182	loop-2	180	E180*	Nonsense_Mutation	blca_iatlas_imvigor210_2017	10178	True	True
DDX3X	F182	loop-3	179	I179T	Missense_Mutation	brca_tcga	TCGA-B6-A402	True	True
DDX3X	F182	loop-3	179	I179N	Missense_Mutation	ccle_broad_2019	KYSE270_OESOPHAGUS	True	False
DDX3X	F182	loop-3	179	I179N	Missense_Mutation	ccle_genentech_2014	P-KYSE-270	True	False
DDX3X	F182	loop-2	180	E180Q	Missense_Mutation	ccrcc_tcga_gdc	TCGA-B0-5709	True	True
DDX3X	F182	loop-2	180	E180*	Nonsense_Mutation	cll_broad_2015	CLL-GCLL-0303	True	True
DDX3X	F182	loop-2	180	E180*	Nonsense_Mutation	cll_broad_2022	P-GCLL-0303	True	True
DDX3X	F182	loop-1	181	X181_splice	Splice_Site	cll_broad_2022	P-MDAC-0025	False	True
DDX3X	F182	Q-stacker	200	Y200C	Missense_Mutation	dlbcl_duke_2017	DLBCL_DUKE_3453	True	True
DDX3X	F182	loop-1	181	X181_splice	Splice_Site	heme_msk_impact_2022	P-0042776	False	True
DDX3X	F182	loop-1	181	S181fs	Frame_Shift_Del	hnsc_tcga_gdc	TCGA-P3-A5Q5	True	True
DDX3X	F182	Q-4	203	P203T	Missense_Mutation	luad_oncosg_2020	BGI-WG08	True	True
DDX3X	F182	loop-1	181	X181_splice	Splice_Site	mbn_sfu_2023	BLGSP-71-06-00087	False	True
DDX3X	F182	Q-stacker	200	Y200*	Nonsense_Mutation	mbn_sfu_2023	BLGSP-71-06-00166	True	True
DDX3X	F182	UA	182	X182_splice	Splice_Site	mbn_sfu_2023	BLGSP-71-08-00041	False	True
DDX3X	F182	Q-stacker	200	Y200S	Missense_Mutation	mbn_sfu_2023	BLGSP-71-27-00509	True	True
DDX3X	F182	Q-4	203	P203S	Missense_Mutation	pancan_hcmi_2025	HCM-BROD-0782-C71	True	True
DDX3X	F182	loop-7	175	X175_splice	Splice_Site	pancan_hcmi_2025	HCM-CSHL-0181-C25	False	True
DDX3X	F182	Q-stacker	200	Y200S	Missense_Mutation	pancan_pcawg_2020	DO37418	True	True
DDX3X	F182	UA	182	X182_splice	Splice_Site	pancan_pcawg_2020	DO37719	False	True
DDX3X	F182	UA	182	X182_splice	Splice_Site	skcm_tcga_gdc	TCGA-DA-A1I0	False	True
DDX3X	F182	Q-stacker	200	Y200S	Missense_Mutation	skcm_tcga_gdc	TCGA-DA-A3F8	True	True
DDX3X	F182	loop-6	176	P176S	Missense_Mutation	ucec_tcga_gdc	TCGA-A5-A0G1	True	True
DDX3Y	F180	Q-4	201	P201L	Missense_Mutation	ccle_broad_2019	HCT15_LARGE_INTESTINE	True	False
DDX3Y	F180	Q-4	201	P201L	Missense_Mutation	ccle_broad_2025	PT-i0VYNQ	True	False
DDX3Y	F180	Q-4	201	P201L	Missense_Mutation	ccle_genentech_2014	P-DLD-1	True	False
DDX3Y	F180	Q-4	201	P201L	Missense_Mutation	ccle_genentech_2014	P-HCT-15	True	False
DDX3Y	F180	Q-4	201	P201L	Missense_Mutation	cellline_nci60	HCT_15	True	False
DDX3Y	F180	UA+1	181	S181N	Missense_Mutation	mixed_allen_2018	Pat132	True	True
DDX5	F96	loop-5	91	K91R	Missense_Mutation	blca_bcan_hcrn_2022	patient-5748-bcan-hcrn	True	True
DDX5	F96	loop-3	93	V93A	Missense_Mutation	ccle_broad_2019	MFE319_ENDOMETRIUM	True	False
DDX5	F96	loop-7	89	C89Y	Missense_Mutation	ccle_broad_2019	QIMRWIL_HAEMATOPOIETIC_AND_LYMPHOID_TISSUE	True	False
DDX5	F96	loop-3	93	V93A	Missense_Mutation	ccle_broad_2025	PT-blqauC	True	False
DDX5	F96	loop-7	89	C89Y	Missense_Mutation	ccle_broad_2025	PT-e5BKI4	True	False
DDX5	F96	loop-3	93	V93F	Missense_Mutation	crc_hta11_htan_2021	HTA11_8622	True	True
DDX5	F96	UA+1	97	Y97*	Nonsense_Mutation	crc_sysucc_2022	CRC677_NT	True	True
DDX5	F96	loop+2	98	E98G	Missense_Mutation	cscc_hgsc_bcm_2014	CSCC-10-T	True	True
DDX5	F96	Q-4	117	P117L	Missense_Mutation	difg_glass_2019	GLSS-CU-R007	True	True
DDX5	F96	UA	96	F96L	Missense_Mutation	lusc_tcga_gdc	TCGA-18-3419	True	True
DDX5	F96	UA+1	97	Y97*	Nonsense_Mutation	stad_tcga_gdc	TCGA-BR-6565	True	True
DDX6	F98	loop+2	100	D100G	Missense_Mutation	ccle_broad_2025	PT-0uXvN6	True	False
DDX6	F98	Q	123	X123_splice	Splice_Region	coad_tcga_gdc	TCGA-A6-6781	False	True
DDX6	F98	UA	98	F98I	Missense_Mutation	lihc_amc_prv	H050154	True	True
DDX6	F98	loop-1	97	E97*	Nonsense_Mutation	pancan_hcmi_2025	HCM-CSHL-0603-C18	True	True
DDX6	F98	Q-stacker	116	W116L	Missense_Mutation	skcm_tcga_pan_can_atlas_2018	TCGA-ER-A2NF	True	True
EIF4A3	F40	UA	40	F40L	Missense_Mutation	blca_tcga_gdc	TCGA-BT-A20P	True	True
EIF4A3	F40	UA	40	F40L	Missense_Mutation	ccle_broad_2019	HEC108_ENDOMETRIUM	True	False
EIF4A3	F40	UA	40	F40L	Missense_Mutation	ccle_broad_2025	PT-7DaBfX	True	False
EIF4A3	F40	loop-7	33	E33K	Missense_Mutation	ccle_genentech_2014	P-SR	True	False
EIF4A3	F40	loop-7	33	E33K	Missense_Mutation	ccle_genentech_2014	P-SR-786	True	False
EIF4A3	F40	loop-5	35	D35N	Missense_Mutation	crc_sysucc_2022	CRC717_NT	True	True
EIF4A3	F40	Q-4	61	P61T	Missense_Mutation	lusc_cptac_2021	C3N-03886	True	True
EIF4A3	F40	loop+2	42	T42N	Missense_Mutation	normal_skin_melanocytes_2024	D54	True	True
EIF4A3	F40	UA	40	F40L	Missense_Mutation	pancan_pcawg_2020	DO675	True	True
EIF4A3	F40	loop-2	38	P38H	Missense_Mutation	skcm_tcga_pan_can_atlas_2018	TCGA-D3-A2JP	True	True
EIF4A1	F34	loop-7	27	W27*	Nonsense_Mutation	brain_cptac_gdc	C229764	True	True
EIF4A1	F34	loop-2	32	D32G	Missense_Mutation	coadread_dfci_2016	coadread_dfci_2016_4520	True	True
EIF4A1	F34	loop-1	33	S33N	Missense_Mutation	mixed_allen_2018	Pat151	True	True
EIF4A1	F34	loop-6	28	N28T	Missense_Mutation	ucec_tcga_gdc	TCGA-EO-A22R	True	True
EIF4A1	F34	Q-4	55	P55S	Missense_Mutation	ucec_tcga_gdc	TCGA-FI-A2D5	True	True
EIF4A1	F34	loop-7	27	W27R	Missense_Mutation	ucec_tcga_pan_can_atlas_2018	TCGA-AX-A0J1	True	True
DDX10	F71	loop+2	73	D73Y	Missense_Mutation	brca_igr_2015	MBC_43	True	True
DDX10	F71	Q	96	Q96*	Nonsense_Mutation	ccle_broad_2019	BICR56_UPPER_AERODIGESTIVE_TRACT	True	False
DDX10	F71	loop-8	63	I63M	Missense_Mutation	ccle_broad_2019	COLO320_LARGE_INTESTINE	True	False
DDX10	F71	Q	96	Q96R	Missense_Mutation	ccle_broad_2019	SNB75_CENTRAL_NERVOUS_SYSTEM	True	False
DDX10	F71	loop-8	63	I63M	Missense_Mutation	ccle_broad_2025	PT-UB7otW	True	False
DDX10	F71	Q-stacker	89	Y89H	Missense_Mutation	ccle_broad_2025	PT-DWKd8J	True	False
DDX10	F71	Q	96	Q96R	Missense_Mutation	ccle_broad_2025	PT-YFHa1n	True	False
DDX10	F71	loop-8	63	I63M	Missense_Mutation	ccle_genentech_2014	P-COLO-320DM	True	False
DDX10	F71	Q	96	Q96*	Nonsense_Mutation	cellline_ccle_broad	BICR_56	True	False
DDX10	F71	loop-8	63	I63M	Missense_Mutation	cellline_ccle_broad	COLO-320	True	False
DDX10	F71	loop-7	64	N64H	Missense_Mutation	coadread_tcga_pan_can_atlas_2018	TCGA-CA-6717	True	True
DDX10	F71	UA	71	F71I	Missense_Mutation	gbm_tcga_gdc	TCGA-19-5956	True	True
DDX10	F71	loop-8	63	V65_N66del	In_Frame_Del	lusc_tcga_pan_can_atlas_2018	TCGA-85-8070	False	True
DDX10	F71	loop-1	70	R70T	Missense_Mutation	nsclc_tracerx_2017	CRUK0052	True	True
DDX10	F71	loop-7	64	N64H	Missense_Mutation	pancan_pcawg_2020	DO8264	True	True
DDX10	F71	loop-8	63	X63_splice	Splice_Site	skcm_tcga_gdc	TCGA-EE-A20C	False	True
DDX39B	F47	Q	72	Q72H	Missense_Mutation	coadread_dfci_2016	coadread_dfci_2016_2379	True	True
DDX39B	F47	Q-4	68	P68L	Missense_Mutation	coadread_dfci_2016	coadread_dfci_2016_251	True	True
DDX39B	F47	Q	72	Q72*	Nonsense_Mutation	nsclc_tcga_broad_2016	TCGA-93-A4JN	True	True
EIF4A2	F35	UA	35	F35S	Missense_Mutation	bladder_msk_2023	P-0039181	True	True
EIF4A2	F35	loop-5	30	E30K	Missense_Mutation	blca_msk_tcga_2020	TCGA-YC-A89H	True	True
EIF4A2	F35	loop+2	37	M38Nfs*17	Frame_Shift_Ins	bowel_colitis_msk_2022	P-0027647	False	True
EIF4A2	F35	loop-2	33	D33N	Missense_Mutation	brca_aurora_2023	AUR-AER2	True	True
EIF4A2	F35	loop-5	30	E30Q	Missense_Mutation	brca_mbcproject_2022	MBCProject_pMcWcrtZ	True	True
EIF4A2	F35	UA	35	D37del	In_Frame_Del	brca_msk_2025	P-0006355	False	True
EIF4A2	F35	loop+2	37	D37N	Missense_Mutation	brca_msk_2025	P-0012214	True	True
EIF4A2	F35	UA	35	D37del	In_Frame_Del	brca_msk_2025	P-0052327	False	True
EIF4A2	F35	loop-2	33	D33N	Missense_Mutation	brca_tcga_gdc	TCGA-AR-A0TV	True	True
EIF4A2	F35	loop+3	38	M38V	Missense_Mutation	ccle_broad_2019	HEC108_ENDOMETRIUM	True	False
EIF4A2	F35	loop+2	37	D37N	Missense_Mutation	ccle_broad_2019	MRKNU1_BREAST	True	False
EIF4A2	F35	loop+3	38	M38V	Missense_Mutation	cellline_ccle_broad	HEC-108	True	False
EIF4A2	F35	loop+3	38	M38T	Missense_Mutation	cll_broad_2022	P-GCLL-0157	True	True
EIF4A2	F35	loop+3	38	M38I	Missense_Mutation	coadread_dfci_2016	coadread_dfci_2016_3235	True	True
EIF4A2	F35	loop+3	38	M38R	Missense_Mutation	crc_apc_impact_2020	P-0022407	True	True
EIF4A2	F35	UA	35	D37del	In_Frame_Del	crc_msk_2026	P-0034854	False	True
EIF4A2	F35	loop-5	30	E30D	Missense_Mutation	crc_msk_2026	P-0040787	True	True
EIF4A2	F35	UA	35	F35*	Frame_Shift_Del	crc_msk_2026	P-0075160	True	True
EIF4A2	F35	loop-1	34	N34D	Missense_Mutation	egc_msk_2017	P-0003650	True	True
EIF4A2	F35	loop+2	37	D37N	Missense_Mutation	egc_msk_tp53_ccr_2022	P-0055455	True	True
EIF4A2	F35	loop+3	38	M38T	Missense_Mutation	hcc_clca_2024	CLCA_0213	True	True
EIF4A2	F35	loop+3	38	M38I	Missense_Mutation	luad_tcga_gdc	TCGA-55-A48Y	True	True
EIF4A2	F35	loop-1	34	N34S	Missense_Mutation	lung_msk_mind_2020	P-0021769	True	True
EIF4A2	F35	loop+3	38	M38I	Missense_Mutation	mel_mskimpact_2020	P-0017506	True	True
EIF4A2	F35	Q-4	56	P56F	Missense_Mutation	mel_mskimpact_2020	P-0021708	True	True
EIF4A2	F35	Q-stacker	53	F53L	Missense_Mutation	msk_ch_2023	P-0046217	True	True
EIF4A2	F35	loop-6	29	N29D	Missense_Mutation	msk_chord_2024	P-0035133	True	True
EIF4A2	F35	Q	60	Q60*	Nonsense_Mutation	msk_chord_2024	P-0050278	True	True
EIF4A2	F35	loop-5	30	E30D	Missense_Mutation	msk_chord_2024	P-0064158	True	True
EIF4A2	F35	loop+2	37	D37N	Missense_Mutation	msk_impact_50k_2026	P-0015267	True	True
EIF4A2	F35	loop+2	37	D37H	Missense_Mutation	msk_impact_50k_2026	P-0033077	True	True
EIF4A2	F35	Q-4	56	P56L	Missense_Mutation	msk_impact_50k_2026	P-0037166	True	True
EIF4A2	F35	loop-2	33	D33N	Missense_Mutation	msk_impact_50k_2026	P-0048913	True	True
EIF4A2	F35	loop-6	29	N29Rfs*2	Frame_Shift_Del	msk_impact_50k_2026	P-0053251	True	True
EIF4A2	F35	loop-2	33	D33H	Missense_Mutation	msk_impact_50k_2026	P-0055543	True	True
EIF4A2	F35	loop+2	37	D37N	Missense_Mutation	msk_impact_50k_2026	P-0065462	True	True
EIF4A2	F35	loop-7	28	W28C	Missense_Mutation	msk_impact_50k_2026	P-0066736	True	True
EIF4A2	F35	loop-8	27	X27_splice	Splice_Site	pancan_pdmr_2025	P-855521	False	True
EIF4A2	F35	Q	60	Q60*	Nonsense_Mutation	sclc_clcgp	S00830	True	True
EIF4A2	F35	Q	60	Q60*	Nonsense_Mutation	sclc_ucologne_2015	sclc_ucologne_2015_S00830	True	True
EIF4A2	F35	UA+1	36	D36Y	Missense_Mutation	skcm_mskcc_2014	LSDNR1120	True	True
EIF4A2	F35	loop-5	30	E30G	Missense_Mutation	ucec_tcga_gdc	TCGA-A5-A0G2	True	True
DDX59	F205	loop+3	208	C208F	Missense_Mutation	ccle_broad_2019	CHLA9_BONE	True	False
DDX59	F205	loop-7	198	V198F	Missense_Mutation	ccle_broad_2019	HS742T_FIBROBLAST	True	False
DDX59	F205	loop+3	208	C208F	Missense_Mutation	ccle_broad_2025	PT-NX1XUV	True	False
DDX59	F205	loop-2	203	I203L	Missense_Mutation	crc_sysucc_2022	CRC1141_NT	True	True
DDX59	F205	loop-4	201	P201L	Missense_Mutation	difg_glass_2019	GLSS-SF-0010	True	True
DDX59	F205	loop-4	201	P201L	Missense_Mutation	lgg_ucsf_2014	P10	True	True
DDX59	F205	Q	230	Q230E	Missense_Mutation	lusc_tcga_gdc	TCGA-33-4547	True	True
DDX59	F205	loop-1	204	D204G	Missense_Mutation	nsclc_mskcc_2018	nsclc_mskcc_2018p46	True	True
DDX59	F205	loop+3	208	C208F	Missense_Mutation	paad_utsw_2015	PDA_103	True	True
DDX59	F205	loop-2	203	I203L	Missense_Mutation	uec_cptac_gdc	C3N-02637	True	True
DDX46	W374	UA+1	375	Q376*	Nonsense_Mutation	bcc_unige_2016	VS017	False	True
DDX46	W374	loop-7	367	X367_splice	Splice_Site	blca_iatlas_imvigor210_2017	10243	False	True
DDX46	W374	UA	374	W374*	Nonsense_Mutation	difg_glass_2019	GLSS-DK-0008	True	True
DDX46	W374	loop-3	371	I371M	Missense_Mutation	dlbc_tcga_pan_can_atlas_2018	TCGA-GR-A4D4	True	True
DDX46	W374	loop+3	377	C377*	Nonsense_Mutation	kirp_tcga	TCGA-2Z-A9JE	True	True
DDX46	W374	loop-3	371	I371V	Missense_Mutation	prad_p1000	PRAD-6115398.0-SM-7LGUK	True	True
DDX46	W374	loop-3	371	I371V	Missense_Mutation	prad_su2c_2019	6115398	True	True
DDX46	W374	Q-4	395	P395S	Missense_Mutation	rcc_iatlas_immotion150_2018	p16751	True	True
DDX46	W374	Q	399	Q399K	Missense_Mutation	skcm_tcga_pan_can_atlas_2018	TCGA-ER-A195	True	True
DDX42	F255	loop-1	254	S254N	Missense_Mutation	ccle_broad_2019	KM12_LARGE_INTESTINE	True	False
DDX42	F255	loop-1	254	S254N	Missense_Mutation	ccle_broad_2025	PT-ue72rD	True	False
DDX42	F255	loop-1	254	S254N	Missense_Mutation	ccle_genentech_2014	P-KM-12	True	False
DDX42	F255	loop-1	254	S254N	Missense_Mutation	cellline_nci60	KM12	True	False
DDX42	F255	loop-5	250	R250G	Missense_Mutation	coadread_cass_2020	CCRC-0023	True	True
DDX42	F255	loop-1	254	S254R	Missense_Mutation	coadread_dfci_2016	coadread_dfci_2016_2269	True	True
DDX42	F255	loop-7	248	P248L	Missense_Mutation	crc_sysucc_2022	CRC807_NT	True	True
DDX42	F255	loop+2	257	H257Y	Missense_Mutation	esca_tcga_gdc	TCGA-2H-A9GK	True	True
DDX42	F255	loop+2	257	H257R	Missense_Mutation	pancan_pdmr_2025	P-175126	True	True
DDX55	W9	loop-1	8	S8F	Missense_Mutation	brca_dldccc_2022	NTN049	True	True
DDX55	W9	Q-4	32	M32I	Missense_Mutation	ccle_broad_2019	AML193_HAEMATOPOIETIC_AND_LYMPHOID_TISSUE	True	False
DDX55	W9	Q-4	32	M32V	Missense_Mutation	ccle_broad_2019	MERO14_LUNG	True	False
DDX55	W9	loop-4	5	T5I	Missense_Mutation	ccle_broad_2019	SW626_OVARY	True	False
DDX55	W9	Q-4	32	M32V	Missense_Mutation	ccle_broad_2025	PT-1Sf7Sz	True	False
DDX55	W9	Q-4	32	M32V	Missense_Mutation	ccle_broad_2025	PT-3SrUkP	True	False
DDX55	W9	loop-5	4	V4G	Missense_Mutation	crc_sysucc_2022	CRC852_NT	True	True
DDX55	W9	loop-5	4	V4M	Missense_Mutation	crc_sysucc_2022	CRC852_NT	True	True
DDX55	W9	loop+2	11	S11L	Missense_Mutation	hcc_clca_2024	CLCA_0157	True	True
DDX55	W9	UA+1	10	E10K	Missense_Mutation	mel_iatlas_hugo_ucla_2016	Pt8	True	True
DDX55	W9	loop-8	1	M1?	Translation_Start_Site	pancan_hcmi_2025	HCM-BROD-0099-C15	True	True
DDX55	W9	loop-6	3	H3Y	Missense_Mutation	pancan_pdmr_2025	P-983718	True	True
DDX55	W9	Q-stacker	29	Y31Vfs*27	Frame_Shift_Ins	prad_su2c_2019	9115555	False	True
DDX55	W9	loop-1	8	S8F	Missense_Mutation	rectal_radiation_msk_2024	P-0066749	True	True
DDX54	F98	loop-4	94	K94del	In_Frame_Del	brca_tcga	TCGA-AN-A0AK	True	True
DDX54	F98	loop-8	90	K90N	Missense_Mutation	ccle_broad_2019	ISHIKAWAHERAKLIO02ER_ENDOMETRIUM	True	False
DDX54	F98	loop-2	96	G96R	Missense_Mutation	egc_tmucih_2015	PGM31	True	True
DDX54	F98	loop-8	90	K90N	Missense_Mutation	hgsoc_tcga_gdc	TCGA-59-2349	True	True
DDX54	F98	Q-stacker	116	Y116H	Missense_Mutation	ovary_cptac_gdc	17OV002	True	True
DDX54	F98	loop-4	94	K94del	In_Frame_Del	pancan_pdmr_2025	P-147771	True	True
DDX54	F98	loop+2	100	S100F	Missense_Mutation	pancan_pdmr_2025	P-332555	True	True
DDX54	F98	loop-8	90	K90N	Missense_Mutation	pancan_pdmr_2025	P-379773	True	True
DDX54	F98	loop-4	94	K94del	In_Frame_Del	pancan_pdmr_2025	P-K66101	True	True
DDX54	F98	Q-stacker	116	Y116*	Nonsense_Mutation	rcc_iatlas_immotion150_2018	p05361	True	True
DDX54	F98	loop-4	94	K94_S95insQ	In_Frame_Ins	stad_tcga	TCGA-BR-8369	True	True
DDX54	F98	loop-1	97	G97S	Missense_Mutation	ucec_tcga_gdc	TCGA-AX-A06F	True	True
DDX54	F98	UA	98	F98S	Missense_Mutation	ucec_tcga_gdc	TCGA-D1-A103	True	True
DDX54	F98	loop+3	101	M101V	Missense_Mutation	ucec_tcga_gdc	TCGA-D1-A169	True	True
DDX17	F173	loop-3	170	V170M	Missense_Mutation	coadread_dfci_2016	coadread_dfci_2016_3174	True	True
DDX17	F173	loop-3	170	V170M	Missense_Mutation	crc_sysucc_2022	CRC958_NT	True	True
DDX17	F173	UA+1	174	H174Y	Missense_Mutation	cscc_ucsf_2021	cscc-ucsf-2021-Patient73	True	True
DDX17	F173	loop-1	172	A172V	Missense_Mutation	gbm_mayo_pdx_sarkaria_2019	Mayo-PDX-Sarkaria-200	True	True
DDX17	F173	UA+1	174	H174Y	Missense_Mutation	pancan_pdmr_2025	P-233313	True	True
DDX17	F173	loop-3	170	V170M	Missense_Mutation	stad_tcga_gdc	TCGA-CD-8536	True	True
DDX27	F189	UA+1	190	K190E	Missense_Mutation	blca_cornell_2016	WCM416	False	True
DDX27	F189	loop+3	192	M192T	Missense_Mutation	ccle_broad_2025	PT-LbUj3S	True	False
DDX27	F189	loop-4	185	E185*	Nonsense_Mutation	ccle_broad_2025	PT-OoHSSv	True	False
DDX27	F189	Q-stacker	207	F208Lfs*16	Frame_Shift_Del	crc_sysucc_2022	CRC476_NT	True	True
DDX27	F189	Q	214	Y214H	Missense_Mutation	esca_broad	ESO-859	False	True
DDX27	F189	loop-6	183	L183F	Missense_Mutation	pancan_pcawg_2020	DO220875	False	True
DDX27	F189	loop-5	184	T184I	Missense_Mutation	skcm_broad_brafresist_2012	Pat_41	False	True
DDX23	W393	loop-4	389	P389L	Missense_Mutation	bcc_unige_2016	VS021	True	True
DDX23	W393	UA	393	W393*	Nonsense_Mutation	blca_iatlas_imvigor210_2017	10243	True	True
DDX23	W393	loop-2	391	R391L	Missense_Mutation	blca_msk_tcga_2020	TCGA-DK-AA77	True	True
DDX23	W393	loop+3	396	S396F	Missense_Mutation	ccle_broad_2019	KM12_LARGE_INTESTINE	True	False
DDX23	W393	loop+3	396	S396F	Missense_Mutation	ccle_broad_2025	PT-ue72rD	True	False
DDX23	W393	loop-4	389	P389L	Missense_Mutation	mixed_allen_2018	Pat119	True	True
DDX23	W393	loop-2	391	R391*	Nonsense_Mutation	pan_pdo_wcm_2026	WCM2073	True	True
DDX23	W393	loop+3	396	S396C	Missense_Mutation	sclc_ucologne_2015	sclc_ucologne_2015_S02350	True	True
DDX24	W194	Q-stacker	212	F212L	Missense_Mutation	bcc_unige_2016	NB016	True	True
DDX24	W194	Q-stacker	212	F212L	Missense_Mutation	ccle_broad_2019	IMR32_AUTONOMIC_GANGLIA	True	False
DDX24	W194	Q-stacker	212	F212L	Missense_Mutation	ccle_broad_2019	IMR5_AUTONOMIC_GANGLIA	True	False
DDX24	W194	loop+3	197	L197P	Missense_Mutation	ccle_broad_2019	KARPAS1106P_HAEMATOPOIETIC_AND_LYMPHOID_TISSUE	True	False
DDX24	W194	Q-stacker	212	F212Y	Missense_Mutation	kirc_tcga_pan_can_atlas_2018	TCGA-B8-A54I	True	True
DDX24	W194	loop-1	193	A193V	Missense_Mutation	prad_p1000	PRAD-6115385.0-SM-7LGU7	True	True
DDX24	W194	loop-1	193	A193V	Missense_Mutation	prad_su2c_2019	6115385	True	True
DDX24	W194	Q-4	215	P215S	Missense_Mutation	skcm_broad_brafresist_2012	Pat_76	True	True
DDX47	F26	Q	51	Q51H	Missense_Mutation	brca_tcga_gdc	TCGA-C8-A26Y	True	True
DDX47	F26	loop-2	24	K24E	Missense_Mutation	ccle_broad_2019	SW954_VULVA	True	False
DDX47	F26	loop-5	21	E21G	Missense_Mutation	coad_silu_2022	SER-SILU-CC-P0063	True	True
DDX47	F26	loop-6	20	E20K	Missense_Mutation	coadread_dfci_2016	coadread_dfci_2016_2397	True	True
DDX47	F26	Q-stacker	44	W44R	Missense_Mutation	crc_sysucc_2022	CRC310_NT	True	True
DDX47	F26	loop-4	22	E22Q	Missense_Mutation	dlbc_tcga	TCGA-GS-A9TZ	True	True
DDX47	F26	loop-8	18	V18M	Missense_Mutation	lung_nci_2022	NSLC-0152	True	True
DDX47	F26	loop-6	20	E20D	Missense_Mutation	pancan_pdmr_2025	P-657687	True	True
DDX47	F26	loop+2	28	D28Y	Missense_Mutation	ucec_tcga_gdc	TCGA-AX-A06F	True	True
DDX31	F232	Q-stacker	251	M251Cfs*4	Frame_Shift_Del	ccle_broad_2019	HEC108_ENDOMETRIUM	True	False
DDX31	F232	loop+2	234	E234*	Nonsense_Mutation	ccle_broad_2019	NCIH1838_LUNG	True	False
DDX31	F232	loop+2	234	E234*	Nonsense_Mutation	ccle_genentech_2014	P-NCI-H1838	True	False
DDX31	F232	Q-4	254	M254I	Missense_Mutation	mixed_pipseq_2017	PIP14-15491	True	True
DDX31	F232	UA+1	233	H233Q	Missense_Mutation	pancan_pdmr_2025	P-497265	True	True
DDX31	F232	loop-8	224	E224D	Missense_Mutation	pptc_2019	P0065	True	True
DDX31	F232	loop-4	228	T228S	Missense_Mutation	prad_fhcrc	01-120	True	True
DDX31	F232	loop-4	228	T228S	Missense_Mutation	prad_p1000	01-120A1_LIVER	True	True
DDX31	F232	loop-4	228	T228A	Missense_Mutation	skcm_tcga	TCGA-D3-A5GR	True	True
DDX31	F232	loop+2	234	V234A	Missense_Mutation	ucec_tcga_gdc	TCGA-AX-A2HJ	False	True
DDX31	F232	loop-8	224	E224*	Nonsense_Mutation	ucec_tcga	TCGA-AX-A0J0	True	True
DDX31	F232	loop-8	224	E224D	Missense_Mutation	ucec_tcga_pan_can_atlas_2018	TCGA-AJ-A3EL	True	True
DDX4	F290	loop-3	287	I287V	Missense_Mutation	brca_dldccc_2022	NTN069	True	True
DDX4	F290	loop-7	283	A283V	Missense_Mutation	ccle_broad_2025	PT-mZ69Vl	True	False
DDX4	F290	loop-3	287	I287V	Missense_Mutation	esca_tcga	TCGA-L5-A43E	True	True
DDX4	F290	Q-stacker	308	Y308*	Nonsense_Mutation	hnsc_broad	HN_62863	True	True
DDX4	F290	loop-6	284	P284S	Missense_Mutation	rcc_iatlas_immotion150_2018	p77642	True	True
DDX4	F290	Q-stacker	308	Y308H	Missense_Mutation	skcm_broad	MEL-JWCI-WGS-1	True	True
DDX4	F290	loop-6	284	P284Q	Missense_Mutation	skcm_tcga_pan_can_atlas_2018	TCGA-EE-A2MJ	True	True
DDX4	F290	loop-1	289	X289_splice	Splice_Region	skcm_tcga_pan_can_atlas_2018	TCGA-FR-A726	False	True
DDX4	F290	Q	315	Q315Pfs*39	Frame_Shift_Ins	stad_oncosg_2018	GIS003-HK-pfg122	True	True
DDX4	F290	Q	315	K316Nfs*13	Frame_Shift_Del	stad_pfizer_uhongkong	pfg122T	False	True
DDX4	F290	loop+2	292	E292*	Nonsense_Mutation	stad_tcga_gdc	TCGA-BR-8680	True	True
DDX4	F290	loop+3	293	A293V	Missense_Mutation	stad_tcga	TCGA-BR-4184	True	True
DDX4	F290	loop+2	292	E292*	Nonsense_Mutation	ucec_cptac_2020	C3N-00151	True	True
DDX28	F128	loop-8	120	R120Q	Missense_Mutation	blca_cornell_2016	WCM244	True	True
DDX28	F128	UA	128	F128Lfs*143	Frame_Shift_Del	blca_tcga_gdc	TCGA-G2-A2EL	True	True
DDX28	F128	loop-2	126	G126D	Missense_Mutation	ccle_broad_2019	MFE319_ENDOMETRIUM	True	False
DDX28	F128	loop-2	126	G126D	Missense_Mutation	ccle_broad_2025	PT-blqauC	True	False
DDX28	F128	UA	128	F128V	Missense_Mutation	crc_sysucc_2022	CRC502_NT	True	True
DDX19A	F93	loop-1	92	S92*	Nonsense_Mutation	bll_target_gdc	TARGET-10-PAPCRJ	True	True
DDX19A	F93	loop-7	86	P86S	Missense_Mutation	ccle_broad_2019	MOLT4_HAEMATOPOIETIC_AND_LYMPHOID_TISSUE	True	False
DDX19A	F93	loop-7	86	P86S	Missense_Mutation	ccle_broad_2025	PT-C3KykJ	True	False
DDX19A	F93	loop-7	86	P86S	Missense_Mutation	ccle_broad_2025	PT-1559gB	True	False
DDX19A	F93	loop-8	85	S85F	Missense_Mutation	cscc_hgsc_bcm_2014	CSCC-29-T	True	True
DDX19A	F93	UA+1	94	E94K	Missense_Mutation	cscc_ranson_2022	CSCC_0126	True	True
DDX19A	F93	loop-7	86	P86S	Missense_Mutation	hgsoc_tcga_gdc	TCGA-30-1855	True	True
DDX19A	F93	Q-stacker	111	F111V	Missense_Mutation	pancan_hcmi_2025	HCM-CSHL-0382-C19	True	True
DDX43	F243	Q	269	Q269*	Nonsense_Mutation	bcc_unige_2016	PT014	True	True
DDX43	F243	loop-6	237	P237S	Missense_Mutation	bcc_unige_2016	VS037	True	True
DDX43	F243	loop-3	240	C241*	Frame_Shift_Del	cesc_tcga_gdc	TCGA-ZJ-AB0I	False	True
DDX43	F243	loop+3	246	A246T	Missense_Mutation	coad_tcga_gdc	TCGA-A6-2679	True	True
DDX43	F243	loop-8	235	P235T	Missense_Mutation	luad_tcga_pan_can_atlas_2018	TCGA-50-6594	True	True
DDX43	F243	loop-7	236	I236M	Missense_Mutation	lusc_cptac_2021	C3L-04014	True	True
DDX43	F243	loop-6	237	P237S	Missense_Mutation	mel_iatlas_hugo_ucla_2016	Pt8	True	True
DDX43	F243	loop+3	246	A246V	Missense_Mutation	mixed_allen_2018	Pat58	True	True
DDX43	F243	loop-6	237	P237S	Missense_Mutation	mixed_allen_2018	NR8815	True	True
DDX43	F243	loop+3	246	A246T	Missense_Mutation	npc_nusingapore	NPC15F	True	True
DDX43	F243	UA+1	244	D244N	Missense_Mutation	pog570_bcgsc_2020	29146	True	True
DDX43	F243	loop-4	239	P239L	Missense_Mutation	rcc_iatlas_immotion150_2018	p53920	True	True
DDX43	F243	UA+1	244	D244Y	Missense_Mutation	stad_tcga_gdc	TCGA-IP-7968	True	True
DDX43	F243	loop-7	236	N238Ifs*43	Frame_Shift_Del	ucec_tcga_gdc	TCGA-AX-A2IO	False	True
DDX56	F9	UA	9	F9L	Missense_Mutation	brca_igr_2015	MBC_207	True	True
DDX56	F9	loop-7	2	E2*	Nonsense_Mutation	brca_mbcproject_2022	MBCProject_74CYIyHw	True	True
DDX56	F9	loop+2	11	H11Y	Missense_Mutation	brca_mbcproject_wagle_2017	MBCProject_gASyuQSl	True	True
DDX56	F9	UA	9	F9L	Missense_Mutation	ccle_broad_2019	KGN_OVARY	True	False
DDX56	F9	loop-1	8	G8S	Missense_Mutation	ccle_broad_2019	KURAMOCHI_OVARY	True	False
DDX56	F9	loop-4	5	E5*	Nonsense_Mutation	ccle_broad_2019	T84_LARGE_INTESTINE	True	False
DDX56	F9	loop-4	5	E5L	Missense_Mutation	ccle_broad_2019	T84_LARGE_INTESTINE	True	False
DDX56	F9	loop-4	5	E5V	Missense_Mutation	ccle_broad_2019	T84_LARGE_INTESTINE	True	False
DDX56	F9	UA	9	F9L	Missense_Mutation	ccle_broad_2019	YD8_UPPER_AERODIGESTIVE_TRACT	True	False
DDX56	F9	loop-4	5	E5L	Missense_Mutation	ccle_broad_2025	PT-3aeu41	True	False
DDX56	F9	UA	9	F9L	Missense_Mutation	ccle_broad_2025	PT-uty9xg	True	False
DDX56	F9	loop-1	8	G8S	Missense_Mutation	ccle_genentech_2014	P-KURAMOCHI	True	False
DDX56	F9	loop-4	5	E5*	Nonsense_Mutation	ccle_genentech_2014	P-T84	True	False
DDX56	F9	loop-4	5	E5V	Missense_Mutation	ccle_genentech_2014	P-T84	True	False
DDX56	F9	Q-stacker	27	W27C	Missense_Mutation	difg_glass_2019	GLSS-MG-0005	True	True
DDX56	F9	loop-7	2	E2D	Missense_Mutation	luad_broad	LUAD-RT-S01818	True	True
DDX56	F9	Q-stacker	27	W27R	Missense_Mutation	nhl_bcgsc_2011	DLBCL-PatientA	True	True
DDX56	F9	loop-3	6	A6V	Missense_Mutation	pancan_pdmr_2025	P-412248	True	True
DDX56	F9	loop+2	11	H11Q	Missense_Mutation	pancan_pdmr_2025	P-K27874	True	True
DDX56	F9	loop-1	8	G8V	Missense_Mutation	stad_tcga_gdc	TCGA-VQ-A8P2	True	True
DDX20	F64	loop-8	56	V56G	Missense_Mutation	cscc_ranson_2022	CSCC_0013	True	True
DDX20	F64	Q	89	Q89L	Missense_Mutation	hccihch_pku_2019	Mix_40	True	True
DDX20	F64	loop-2	62	A62T	Missense_Mutation	luad_mskcc_2023_met_organotropism	P-0025069	True	True
DDX20	F64	UA+1	65	E65*	Nonsense_Mutation	lusc_tcga_gdc	TCGA-77-8154	True	True
DDX20	F64	loop-2	62	A62V	Missense_Mutation	paad_iatlas_prince_2022	Prince_16	True	True
DDX20	F64	loop-5	59	A59V	Missense_Mutation	pancan_pdmr_2025	P-417821	True	True
DDX20	F64	loop-2	62	A62S	Missense_Mutation	tgct_tcga	TCGA-ZM-AA0F	True	True
DDX25	F99	Q	124	Q124*	Nonsense_Mutation	cscc_hgsc_bcm_2014	CSCC-11-T	True	True
DDX25	F99	UA+1	100	X100_splice	Splice_Site	difg_glass_2019	GLSS-SM-R060	False	True
DDX25	F99	loop-6	93	L93R	Missense_Mutation	egc_trap_ccr_msk_2023	p_C_VR5HC4	True	True
DDX25	F99	loop+3	102	L102Q	Missense_Mutation	luad_oncosg_2020	BGI-WG10	True	True
DDX25	F99	loop+3	102	L102M	Missense_Mutation	ucec_tcga	TCGA-B5-A11E	True	True
DDX41	F183	loop-8	175	G175Vfs*12	Frame_Shift_Del	aml_ohsu_2022	aml_ohsu_2022_2651	True	True
DDX41	F183	loop+3	186	M186I	Missense_Mutation	brca_aurora_2023	AUR-AFE4	True	True
DDX41	F183	loop-8	175	G175S	Missense_Mutation	coad_silu_2022	SER-SILU-CC-P0053	True	True
DDX41	F183	loop-7	176	I176V	Missense_Mutation	coadread_dfci_2016	coadread_dfci_2016_2379	True	True
DDX41	F183	loop-2	181	K181E	Missense_Mutation	crc_sysucc_2022	CRC547_NT	True	True
DDX41	F183	loop-6	177	P177S	Missense_Mutation	cscc_hgsc_bcm_2014	CSCC-17-T	True	True
DDX41	F183	loop-5	178	P178L	Missense_Mutation	cscc_hgsc_bcm_2014	CSCC-40-T	True	True
DDX41	F183	loop-8	175	G175D	Missense_Mutation	cscc_hgsc_bcm_2014	CSCC-49-T	True	True
DDX41	F183	loop+2	185	E185K	Missense_Mutation	hcc_inserm_fr_2015	CHC917T	True	True
DDX41	F183	UA+1	184	K184N	Missense_Mutation	hcc_inserm_fr_2015	CHC917T	True	True
DDX41	F183	loop+2	185	E185K	Missense_Mutation	liad_inserm_fr_2014	LIAD_917	True	True
DDX41	F183	UA+1	184	K184N	Missense_Mutation	liad_inserm_fr_2014	LIAD_917	True	True
DDX41	F183	loop-2	181	K181M	Missense_Mutation	luad_cptac_2020	C3L-00080	True	True
DDX41	F183	UA	183	F183I	Missense_Mutation	mds_iwg_2022	E-H-105479	True	True
DDX41	F183	Q-4	204	P204S	Missense_Mutation	mds_iwg_2022	E-H-105564	True	True
DDX41	F183	Q	208	Q208E	Missense_Mutation	mds_iwg_2022	E-H-110477	True	True
DDX41	F183	UA+1	184	K184R	Missense_Mutation	mds_iwg_2022	E-H-131531	True	True
DDX41	F183	loop-5	178	P178T	Missense_Mutation	ov_tcga_pan_can_atlas_2018	TCGA-23-1117	True	True
DDX41	F183	loop-8	175	G175D	Missense_Mutation	pancan_pdmr_2025	P-868977	True	True
DDX41	F183	UA+1	184	K184R	Missense_Mutation	pancan_pdmr_2025	P-LG0494	True	True
DDX41	F183	loop-8	175	G175S	Missense_Mutation	stad_utokyo	GC289	True	True
DDX19B	F94	loop-8	86	L88Sfs*8	Frame_Shift_Ins	crc_sysucc_2022	CRC812_NT	False	True
DDX19B	F94	loop-1	93	S93F	Missense_Mutation	cscc_ranson_2022	CSCC_0126	True	True
DDX19B	F94	loop-8	86	L88Sfs*8	Frame_Shift_Ins	pancan_pdmr_2025	P-625472	False	True
DDX19B	F94	loop-4	90	S90L	Missense_Mutation	pptc_2019	P0104	True	True
DDX19B	F94	loop+3	97	L97P	Missense_Mutation	sclc_cancercell_gardner_2017	p_JHU-LX108	True	True
DDX52	F163	loop-7	156	L156R	Missense_Mutation	ccle_broad_2025	PT-WTNLuu	True	False
DDX52	F163	loop-8	155	D155N	Missense_Mutation	difg_tcga_gdc	TCGA-DU-6392	True	True
DDX52	F163	Q-4	188	P188S	Missense_Mutation	lihc_amc_prv	H080854	True	True
DDX52	F163	loop-3	160	I160V	Missense_Mutation	pancan_pdmr_2025	P-857933	True	True
DDX52	F163	loop-8	155	D155N	Missense_Mutation	ucec_tcga_gdc	TCGA-AP-A1DV	True	True
DDX52	F163	loop-8	155	D155N	Missense_Mutation	ucec_tcga_gdc	TCGA-D1-A17Q	True	True
DDX49	F4	loop-1	3	G3D	Missense_Mutation	brain_cptac_gdc	C229764	True	True
DDX49	F4	loop+2	6	E6Q	Missense_Mutation	luad_oncosg_2020	A271	True	True
DDX49	F4	loop-5	-1	MUTATED	Splice_Region	nfib_ctf_biobank_2025	Patient_3	False	True
DDX49	F4	loop-1	3	G3C	Missense_Mutation	nsclc_tracerx_2017	CRUK0066	True	True
DDX49	F4	Q-4	25	P25L	Missense_Mutation	pancan_hcmi_2025	HCM-BROD-0874-C43	True	True
DDX49	F4	Q	29	Q29E	Missense_Mutation	pancan_pcawg_2020	DO9042	True	True
DDX49	F4	loop-3	1	M1?	Translation_Start_Site	uec_cptac_gdc	C223491	True	True
DDX18	F179	loop-1	178	S178L	Missense_Mutation	blca_msk_tcga_2020	TCGA-ZF-A9R7	True	True
DDX18	F179	loop-8	171	T171I	Missense_Mutation	ccle_broad_2025	PT-zwxgMM	True	False
DDX18	F179	loop-1	178	S178L	Missense_Mutation	coad_tcga_gdc	TCGA-AA-3977	True	True
DDX18	F179	loop-1	178	S178L	Missense_Mutation	coad_tcga_gdc	TCGA-AZ-4315	True	True
DDX18	F179	loop-3	176	D176E	Missense_Mutation	coadread_genentech	32774	True	True
DDX18	F179	loop-1	178	S178L	Missense_Mutation	crc_sysucc_2022	CRC486_NT	True	True
DDX18	F179	loop-7	172	G172=	Splice_Region	es_dfarber_broad_2014	CHEWS019	True	True
DDX18	F179	loop-8	171	T171I	Missense_Mutation	gbm_mayo_pdx_sarkaria_2019	Mayo-PDX-Sarkaria-102	True	True
DDX18	F179	loop-1	178	S178L	Missense_Mutation	pancan_pdmr_2025	P-169284	True	True
DDX18	F179	loop-1	178	S178L	Missense_Mutation	skcm_tcga_gdc	TCGA-WE-A8JZ	True	True
DDX18	F179	loop-1	178	S178L	Missense_Mutation	ucec_tcga_gdc	TCGA-EO-A22U	True	True
DDX18	F179	Q-stacker	199	F199C	Missense_Mutation	uec_cptac_gdc	C3L-01913	True	True
DDX21	F188	loop-3	185	E185K	Missense_Mutation	mel_iatlas_riaz_nivolumab_2017	Pt76	True	True
DDX21	F188	loop-1	187	A187T	Missense_Mutation	pancan_hcmi_2025	HCM-CSHL-0863-C18	True	True
DDX21	F188	loop-1	187	A187T	Missense_Mutation	pancan_pdmr_2025	P-897434	True	True
DDX21	F188	loop+2	190	N190D	Missense_Mutation	pancan_pdmr_2025	P-968212	True	True
DDX50	F139	loop-7	132	R132C	Missense_Mutation	crc_sysucc_2022	CRC559_NT	True	True
DDX50	F139	loop-7	132	R132C	Missense_Mutation	crc_sysucc_2022	CRC692_NT	True	True
DDX50	F139	Q-stacker	157	V157L	Missense_Mutation	hcc_clca_2024	CLCA_0048	True	True
DDX50	F139	Q-4	160	L160I	Missense_Mutation	pan_pdo_wcm_2026	WCM2137	True	True
DDX50	F139	Q-4	160	L160I	Missense_Mutation	pancan_hcmi_2025	HCM-WCMC-0747-C50	True	True
DDX50	F139	loop-7	132	R132C	Missense_Mutation	pancan_pdmr_2025	P-212162	True	True
DDX50	F139	loop-7	132	R132C	Missense_Mutation	pancan_pdmr_2025	P-299254	True	True
DDX50	F139	loop-7	132	R132C	Missense_Mutation	pancan_pdmr_2025	P-333828	True	True
DDX50	F139	loop-7	132	R132C	Missense_Mutation	pancan_pdmr_2025	P-359829	True	True
DDX50	F139	loop-7	132	R132C	Missense_Mutation	pancan_pdmr_2025	P-485176	True	True
DDX50	F139	loop-7	132	R132C	Missense_Mutation	pancan_pdmr_2025	P-581982	True	True
DDX50	F139	loop-5	134	Q134H	Missense_Mutation	pancan_pdmr_2025	P-771244	True	True
DDX50	F139	loop-7	132	R132C	Missense_Mutation	prad_msk_mdanderson_2023	MDA-PCa-Pat-180	True	True
DDX50	F139	loop-7	132	R132C	Missense_Mutation	sclc_cancercell_gardner_2017	p_JHU-LX22	True	True
DDX53	F223	loop+3	226	A226T	Missense_Mutation	acc_tcga_gdc	TCGA-OR-A5JY	True	True
DDX53	F223	loop-1	222	R222G	Missense_Mutation	mng_utoronto_2021	CAM20-0095	True	True
DDX53	F223	UA	223	F223L	Missense_Mutation	nsclc_mskcc_2018	nsclc_mskcc_2018p9	True	True
DDX53	F223	loop+2	225	D225E	Missense_Mutation	nsclc_tcga_broad_2016	LUAD-B01024	True	True
DDX53	F223	loop+3	226	A226T	Missense_Mutation	stad_oncosg_2018	GIS003-HK-pfg060	True	True
DDX53	F223	loop+3	226	A226T	Missense_Mutation	stad_pfizer_uhongkong	pfg060T	True	True
DDX53	F223	loop+3	226	A226T	Missense_Mutation	ucec_tcga_gdc	TCGA-E6-A1M0	True	True
