gene	anchor	transcript	missense_variants_total	length	missense_sites_per_100aa	missense_at_UA	missense_AC_at_UA	missense_in_loop	numbering_mismatches
DDX39A	F46	ENST00000242776	468	427	63.0	0	0	6	1
DDX3X	F182	ENST00000644876	364	662	36.9	0	0	9	28
DDX3Y	F180	ENST00000336079	165	660	20.3	0	0	2	0
DDX5	F96	ENST00000225792	591	614	58.0	0	0	19	0
DDX6	F98	ENST00000534980	412	483	53.4	1	1	11	0
EIF4A3	F40	ENST00000649764	294	411	46.2	0	0	12	0
EIF4A1	F34	ENST00000293831	287	406	45.1	1	1	10	0
DDX10	F71	ENST00000322536	1204	875	78.9	1	3	16	0
DDX39B	F47	ENST00000396172	249	428	40.7	1	1	7	10
EIF4A2	F35	ENST00000323963	230	407	36.4	0	0	11	0
DDX59	F205	ENST00000331314	800	619	73.8	0	0	22	14
DDX46	W374	ENST00000452510	703	1031	44.7	0	0	14	0
DDX42	F255	ENST00000389924	933	938	61.6	0	0	10	0
DDX55	W9	ENST00000238146	882	600	76.5	6	3	39	0
DDX54	F98	ENST00000306014	1653	881	83.4	0	0	24	0
DDX1	F4	ENST00000233084	950	740	72.7	4	1	20	0
DDX17	F173	ENST00000403230	802	729	57.8	0	0	10	0
DDX27	F189	ENST00000618172	959	765	73.1	2	2	20	41
DDX23	W393	ENST00000308025	664	820	53.3	1	1	8	0
DDX24	W194	ENST00000621632	1092	859	76.7	0	0	17	0
DDX47	F26	ENST00000358007	606	455	73.4	2	2	21	0
DDX31	F232	ENST00000372159	65	851	3.5	0	0	4	16
DDX4	F290	ENST00000505374	858	724	68.6	1	1	14	0
DDX28	F128	ENST00000332395	1000	540	85.0	0	0	24	0
DDX19A	F93	ENST00000302243	436	478	60.7	1	1	11	0
DDX43	F243	ENST00000370336	842	648	74.4	1	2	14	0
DDX56	F9	ENST00000258772	882	547	80.6	2	2	23	0
DDX20	F64	ENST00000369702	1215	824	76.5	1	1	30	0
DDX25	F99	ENST00000263576	745	483	80.7	2	2	20	0
DDX41	F183	ENST00000330503	721	622	68.0	1	1	18	4
DDX19B	F94	ENST00000288071	518	479	68.3	1	1	15	0
DDX52	F163	ENST00000617633	835	599	76.5	0	0	12	0
DDX49	F4	ENST00000247003	888	483	82.6	1	2	14	0
DDX18	F179	ENST00000263239	977	670	75.8	2	15	18	0
DDX21	F188	ENST00000354185	771	783	62.7	0	0	12	0
DDX50	F139	ENST00000373585	961	737	74.4	2	2	15	0
DDX53	F223	ENST00000327968	661	631	67.4	0	0	14	0
